brand,screen_size,harddisk,ram,price
rokc,14.0,1000.0,8.0,589.99
hp,15.6,1000.0,64.0,999.99
msi,15.66,512.0,32.0,1599.0
apple,13.3,256.0,8.0,689.99
apple,15.3,256.0,8.0,1144.48
acer,15.6,128.0,8.0,299.99
apple,13.3,256.0,8.0,965.08
acer,15.6,64.0,4.0,239.99
asus,16.0,512.0,16.0,1274.03
acer,15.6,128.0,8.0,299.99
acer,15.6,512.0,16.0,814.77
hp,14.0,1000.0,16.0,379.99
rokc,15.6,1152.0,20.0,389.99
hp,15.6,1000.0,16.0,459.99
rokc,15.6,1000.0,20.0,639.99
acer,17.3,1000.0,16.0,1199.99
hp,15.6,1000.0,16.0,473.0
asus,15.6,512.0,8.0,699.99
msi,15.6,512.0,16.0,938.0
lenovo,15.6,256.0,20.0,419.0
lenovo,15.6,256.0,8.0,801.96
asus,16.0,1000.0,16.0,1799.99
hp,14.0,64.0,4.0,249.0
hp,17.3,1000.0,32.0,510.0
hp,15.6,512.0,16.0,527.15
asus,16.0,512.0,32.0,2199.0
msi,15.6,512.0,32.0,1699.0
dell,16.0,1000.0,32.0,899.99
lenovo,14.0,1000.0,20.0,359.0
hp,14.0,64.0,4.0,209.99
lenovo,15.6,512.0,8.0,637.35
dell,15.6,1000.0,16.0,439.0
acer,14.0,128.0,8.0,372.66
msi,15.6,1000.0,16.0,1429.0
lenovo,14.0,128.0,8.0,281.69
asus,15.6,64.0,4.0,236.47
hp,15.0,256.0,8.0,337.96
asus,13.3,1000.0,32.0,1399.99
asus,15.6,1000.0,16.0,1044.77
lenovo,15.6,64.0,8.0,294.29
acer,15.6,64.0,4.0,224.0
asus,14.0,128.0,4.0,225.82
lenovo,14.0,256.0,16.0,539.99
acer,15.6,128.0,4.0,229.99
asus,13.4,1000.0,16.0,1749.99
hp,15.6,1000.0,16.0,465.0
asus,16.0,2000.0,32.0,3349.0
asus,18.0,2000.0,32.0,3899.0
lg,17.0,2000.0,32.0,1734.71
asus,13.4,1000.0,32.0,2499.99
lenovo,11.6,32.0,4.0,114.74
microsoft,15.0,512.0,16.0,1084.66
asus,15.6,512.0,16.0,1150.99
asus,15.6,1000.0,16.0,1149.0
hp,14.0,64.0,4.0,199.99
asus,17.3,1000.0,32.0,2619.99
acer,14.0,128.0,8.0,426.64
asus,17.3,512.0,8.0,783.95
lenovo,13.3,128.0,8.0,479.0
hp,15.6,1000.0,16.0,553.0
dell,14.0,512.0,16.0,399.0
hp,11.6,512.0,4.0,271.99
acer,14.0,512.0,16.0,762.19
asus,15.6,1000.0,16.0,989.99
apple,16.2,512.0,32.0,1899.0
acer,15.6,256.0,8.0,488.94
apple,13.6,512.0,16.0,1459.94
hp,14.0,64.0,16.0,389.99
samsung,15.6,16.0,16.0,1099.99
microsoft,14.4,2000.0,64.0,3699.99
asus,15.6,1000.0,32.0,1299.0
samsung,14.0,512.0,16.0,1199.0
apple,13.0,256.0,16.0,1457.99
hp,15.6,1000.0,16.0,469.0
gigabyte,15.6,512.0,8.0,879.99
asus,15.6,1000.0,16.0,749.99
acer,11.6,64.0,4.0,226.0
asus,14.5,1000.0,32.0,2399.99
asus,11.6,32.0,4.0,184.62
msi,17.3,1000.0,32.0,2793.89
lenovo,15.6,256.0,8.0,429.0
msi,15.6,512.0,16.0,729.99
apple,13.6,256.0,16.0,1255.94
hp,14.0,256.0,16.0,1000.0
asus,16.0,1000.0,32.0,2499.99
samsung,15.6,64.0,4.0,205.0
hp,14.0,128.0,8.0,265.99
acer,15.6,128.0,4.0,367.29
razer,14.0,1000.0,16.0,2699.99
asus,15.6,128.0,8.0,379.0
acer,16.0,1000.0,16.0,1649.99
asus,16.0,1000.0,16.0,1589.99
asus,15.6,1000.0,32.0,1399.99
dell,13.4,512.0,16.0,1229.99
dell,15.6,512.0,16.0,1129.99
asus,14.0,256.0,8.0,479.99
hp,16.0,32.0,4.0,94.98
lg,17.0,2000.0,32.0,2296.99
asus,16.0,1000.0,32.0,1699.99
asus,16.0,1000.0,16.0,1484.99
dell,14.0,512.0,16.0,1666.4
asus,17.3,512.0,16.0,873.0
hp,15.6,256.0,12.0,503.58
microsoft,12.45,256.0,8.0,529.0
hp,14.0,64.0,8.0,299.0
lenovo,14.0,512.0,16.0,535.99
lenovo,14.0,128.0,4.0,191.87
msi,15.6,256.0,8.0,600.51
apple,16.0,1000.0,32.0,3059.0
samsung,16.0,512.0,32.0,1939.99
asus,15.6,64.0,8.0,247.05
acer,13.3,64.0,8.0,424.46
razer,16.0,1000.0,32.0,3611.89
hp,15.0,1000.0,32.0,685.0
lg,16.0,512.0,16.0,1284.93
hp,14.0,256.0,8.0,570.0
hp,17.3,256.0,8.0,576.99
lenovo,14.0,1000.0,32.0,1949.99
lg,16.0,1000.0,32.0,1757.57
hp,17.3,1000.0,16.0,557.0
msi,17.3,1000.0,32.0,1999.99
msi,17.3,512.0,32.0,1399.0
lenovo,14.0,256.0,16.0,219.0
asus,16.0,32.0,32.0,2199.0
asus,14.5,1000.0,32.0,2299.99
asus,16.0,512.0,8.0,561.0
lenovo,14.0,256.0,4.0,181.99
msi,16.0,1000.0,16.0,2091.05
asus,16.0,2000.0,32.0,2499.0
hp,11.6,512.0,4.0,160.0
asus,14.0,64.0,4.0,231.85
hp,14.0,256.0,8.0,514.99
asus,15.6,1000.0,32.0,2849.0
hp,15.6,1000.0,32.0,579.99
asus,11.6,64.0,4.0,279.99
lenovo,15.6,256.0,12.0,561.99
lenovo,16.0,256.0,8.0,682.0
dell,14.0,512.0,8.0,542.95
lenovo,14.0,512.0,16.0,1249.0
samsung,13.3,256.0,8.0,643.0
acer,17.3,128.0,4.0,328.67
dell,15.6,2000.0,64.0,1000.0
lg,16.0,2000.0,32.0,1899.0
acer,14.0,512.0,8.0,499.99
dell,16.0,1000.0,32.0,1020.33
hp,17.3,1000.0,32.0,619.99
lenovo,13.0,256.0,8.0,799.0
dell,13.4,1000.0,32.0,1126.85
lenovo,15.6,256.0,8.0,499.0
lenovo,14.0,256.0,16.0,622.04
dell,15.6,256.0,8.0,748.47
asus,15.6,1000.0,16.0,2499.99
dell,13.4,1000.0,16.0,1305.17
razer,15.6,1000.0,16.0,1659.68
hp,15.6,128.0,8.0,377.0
lenovo,14.0,64.0,4.0,299.0
dell,15.6,1000.0,32.0,939.99
acer,16.0,1000.0,16.0,1649.99
asus,16.0,2000.0,32.0,3849.99
asus,11.6,64.0,4.0,252.54
hp,14.0,256.0,8.0,499.99
lg,16.0,1000.0,16.0,1612.99
samsung,12.2,32.0,4.0,447.95
lenovo,15.6,1000.0,20.0,487.0
lenovo,13.3,512.0,4.0,433.99
hp,15.6,512.0,16.0,520.0
lg,17.0,1000.0,16.0,1399.99
dell,15.6,512.0,16.0,1428.96
dell,15.6,512.0,16.0,1749.33
hp,14.0,512.0,8.0,608.0
lg,16.0,2000.0,32.0,1896.99
asus,15.6,512.0,16.0,999.0
asus,14.0,256.0,8.0,357.5
msi,15.6,512.0,16.0,1465.8
lg,16.0,1000.0,16.0,1799.0
dell,15.6,1000.0,32.0,949.99
hp,14.0,32.0,4.0,150.0
lg,14.0,1000.0,32.0,1796.99
msi,15.6,1000.0,32.0,1697.23
dell,15.6,512.0,16.0,1497.99
asus,14.0,1000.0,16.0,1099.99
hp,15.6,512.0,16.0,699.0
hp,14.0,64.0,4.0,239.0
microsoft,13.5,512.0,16.0,1198.99
lenovo,14.0,512.0,16.0,689.0
dell,13.3,512.0,16.0,1680.56
apple,13.3,512.0,16.0,911.0
asus,14.0,64.0,4.0,129.99
acer,14.0,512.0,16.0,886.37
samsung,13.3,512.0,16.0,729.0
hp,14.0,256.0,8.0,159.99
hp,15.6,1000.0,32.0,732.0
lenovo,15.6,128.0,4.0,185.95
acer,14.0,64.0,4.0,204.0
acer,17.3,512.0,16.0,699.99
lenovo,15.6,512.0,8.0,485.0
dell,15.6,512.0,16.0,1499.99
asus,14.0,128.0,4.0,460.48
lg,17.0,512.0,16.0,1199.0
lenovo,16.0,1000.0,16.0,849.0
lenovo,14.0,64.0,4.0,220.69
acer,16.0,512.0,16.0,1241.46
lenovo,14.0,512.0,8.0,443.0
hp,14.0,64.0,4.0,225.0
panasonic,14.0,1000.0,16.0,655.96
dell,15.6,1000.0,32.0,689.65
asus,17.3,64.0,4.0,246.0
lenovo,16.0,4000.0,32.0,1949.0
hp,15.6,512.0,16.0,1137.02
asus,17.3,64.0,4.0,247.36
acer,15.6,512.0,16.0,1199.0
acer,15.6,512.0,8.0,450.0
asus,14.5,512.0,12.0,689.49
asus,15.6,4000.0,64.0,2819.0
asus,15.6,512.0,16.0,901.56
asus,16.0,512.0,16.0,1399.99
asus,14.0,512.0,16.0,979.99
asus,15.6,512.0,16.0,1259.99
samsung,14.0,128.0,4.0,345.0
msi,16.0,2000.0,32.0,2198.99
panasonic,13.1,240.0,8.0,420.0
dell,14.0,512.0,16.0,1658.99
toughbook,13.1,256.0,16.0,1550.99
hp,11.6,128.0,4.0,245.0
asus,16.0,1000.0,16.0,1646.99
dell,15.6,512.0,16.0,1109.18
lenovo,14.0,64.0,4.0,195.0
hp,15.6,1000.0,4.0,269.0
dell,15.6,512.0,16.0,1349.99
dell,14.0,256.0,8.0,835.85
asus,12.0,32.0,4.0,278.97
dell,15.6,512.0,16.0,1576.57
dell,16.0,512.0,32.0,2549.0
gigabyte,17.0,2000.0,32.0,3499.99
hp,14.0,1000.0,32.0,729.99
lenovo,15.6,512.0,8.0,934.0
acer,15.6,64.0,4.0,129.99
lenovo,13.3,64.0,4.0,469.99
acer,17.3,2000.0,32.0,1259.0
asus,15.6,1000.0,32.0,2299.0
dell,14.0,1000.0,32.0,2023.03
apple,13.3,256.0,8.0,1068.99
asus,14.0,64.0,4.0,283.55
panasonic,14.0,1000.0,16.0,658.94
alienware,15.6,512.0,16.0,1599.0
dell,17.0,512.0,32.0,2475.0
apple,13.0,512.0,8.0,1178.0
asus,16.0,512.0,8.0,699.99
samsung,15.6,512.0,16.0,1177.42
hp,15.6,256.0,8.0,346.9
asus,15.6,512.0,16.0,1530.63
asus,14.0,512.0,16.0,1211.99
hp,15.6,256.0,8.0,423.99
msi,15.6,1000.0,32.0,1499.0
acer,14.0,1000.0,16.0,1406.88
asus,14.0,512.0,16.0,1829.99
asus,15.6,512.0,8.0,606.15
msi,15.6,1000.0,32.0,1899.0
dell,15.6,256.0,16.0,1038.43
lenovo,16.0,2000.0,40.0,1799.0
lenovo,14.0,512.0,8.0,922.55
apple,15.6,4000.0,96.0,5299.0
hp,14.0,512.0,8.0,629.49
dell,13.3,512.0,32.0,1507.9
dell,15.6,512.0,16.0,649.0
lenovo,13.0,512.0,4.0,195.99
asus,15.6,512.0,8.0,940.47
asus,16.0,1000.0,16.0,1799.99
apple,16.2,2000.0,64.0,4079.99
msi,15.6,1000.0,16.0,799.0
hp,14.0,512.0,16.0,1681.99
msi,16.0,1000.0,32.0,1743.0
dell,16.0,1000.0,64.0,4762.76
asus,10.5,65.0,4.0,349.95
hp,14.0,256.0,8.0,428.45
samsung,14.0,32.0,8.0,349.99
acer,11.6,512.0,16.0,139.0
asus,15.6,512.0,8.0,619.99
dell,14.0,256.0,16.0,691.53
apple,13.6,1000.0,16.0,2778.0
asus,14.0,2000.0,32.0,1947.99
hp,14.0,64.0,4.0,259.95
lenovo,13.3,32.0,4.0,245.0
gigabyte,15.6,1000.0,16.0,2099.99
lenovo,14.0,1000.0,16.0,1199.99
lenovo,15.6,512.0,12.0,508.0
dell,15.6,4000.0,64.0,2013.5
microsoft,12.3,256.0,8.0,624.99
dell,15.6,1000.0,32.0,1689.18
dell,14.0,512.0,16.0,1029.99
hp,14.0,128.0,8.0,313.0
asus,15.6,512.0,8.0,699.99
dell,16.0,512.0,16.0,1161.11
asus,15.6,128.0,8.0,548.0
lenovo,15.6,256.0,8.0,389.0
lenovo,10.1,64.0,4.0,349.0
asus,17.3,512.0,8.0,999.99
lg,14.0,1000.0,16.0,1303.76
dell,15.6,512.0,32.0,2387.94
dell,15.6,256.0,16.0,1169.99
toughbook,12.0,256.0,8.0,993.99
microsoft,15.0,512.0,8.0,858.98
asus,13.9,1000.0,1.0,1399.9
lenovo,14.0,512.0,16.0,2079.99
msi,13.3,1000.0,32.0,1299.0
lenovo,16.0,1000.0,32.0,2349.99
dell,18.0,1000.0,32.0,2929.99
dell,15.6,1000.0,32.0,930.17
asus,17.3,32.0,4.0,259.99
dell,14.0,256.0,8.0,899.0
acer,17.3,256.0,8.0,493.49
msi,16.0,512.0,32.0,1900.58
msi,16.0,1000.0,32.0,3499.0
dell,16.0,1000.0,40.0,1096.99
lenovo,16.0,512.0,32.0,1799.0
lenovo,15.6,256.0,4.0,395.0
panasonic,14.0,512.0,16.0,799.99
dell,15.6,1000.0,16.0,2022.0
dell,15.6,1000.0,32.0,548.0
hp,11.6,128.0,4.0,369.0
hp,17.3,512.0,8.0,639.99
dell,15.6,512.0,16.0,1552.3
dell,14.0,512.0,8.0,350.0
hp,15.6,512.0,16.0,675.0
dell,14.0,512.0,16.0,595.97
dell,16.0,1000.0,16.0,849.99
dell,14.1,256.0,8.0,415.0
lenovo,15.6,256.0,4.0,299.99
lenovo,15.6,512.0,16.0,816.33
acer,15.6,64.0,8.0,399.99
dell,17.3,512.0,16.0,2199.0
hp,15.6,256.0,8.0,719.99
asus,14.0,1000.0,16.0,1299.99
hp,15.6,256.0,8.0,457.64
dell,11.0,16.0,4.0,57.99
hp,15.6,512.0,16.0,1169.99
asus,13.3,512.0,16.0,799.99
lenovo,15.6,256.0,8.0,799.0
hp,15.6,512.0,16.0,949.31
lenovo,14.0,512.0,16.0,1270.77
acer,15.6,64.0,8.0,345.44
hp,16.0,512.0,16.0,1427.99
acer,14.0,512.0,8.0,668.55
lenovo,14.0,256.0,8.0,883.58
hp,13.5,512.0,16.0,2039.0
msi,17.3,1000.0,32.0,1499.0
gigabyte,17.3,1000.0,16.0,2149.0
msi,15.6,512.0,32.0,1149.99
lg,17.0,1000.0,16.0,1787.62
lg,14.0,512.0,16.0,1299.99
msi,14.0,512.0,32.0,1001.18
dell,15.6,512.0,32.0,602.0
hp,14.0,1000.0,8.0,379.0
apple,15.6,1000.0,64.0,3699.0
dell,15.6,512.0,16.0,1578.21
samsung,11.6,32.0,4.0,209.96
rokc,14.0,1000.0,16.0,409.99
lenovo,16.0,1000.0,32.0,3499.0
acer,17.3,256.0,12.0,478.99
lenovo,14.0,512.0,16.0,589.0
asus,14.5,512.0,8.0,899.99
dell,14.0,1000.0,32.0,1670.17
hp,15.6,256.0,16.0,899.0
hp,11.6,512.0,4.0,240.74
dell,13.4,512.0,16.0,992.99
hp,15.6,512.0,8.0,504.0
dell,14.0,256.0,16.0,1900.08
dell,13.3,512.0,16.0,1125.99
asus,14.0,128.0,4.0,284.92
acer,15.6,512.0,16.0,714.99
hp,11.6,32.0,4.0,270.28
dell,14.0,1000.0,32.0,2167.89
hp,13.5,256.0,16.0,1003.99
asus,14.0,32.0,4.0,212.32
dell,14.0,512.0,16.0,499.99
asus,16.0,1000.0,32.0,2699.0
dell,15.6,1000.0,32.0,1389.84
hp,14.0,64.0,4.0,229.99
lenovo,17.3,1000.0,8.0,1449.99
dell,14.0,256.0,16.0,1377.76
dell,15.6,1000.0,32.0,1948.99
lenovo,14.0,512.0,16.0,699.99
lenovo,13.0,512.0,8.0,806.47
rokc,15.6,128.0,4.0,249.99
samsung,14.0,1000.0,16.0,1409.99
lenovo,15.6,256.0,8.0,1059.0
dell,16.0,2000.0,64.0,1081.5
hp,16.0,1000.0,32.0,3196.99
acer,14.0,512.0,16.0,1079.99
hp,17.3,1000.0,32.0,729.99
dell,14.0,256.0,8.0,219.0
dell,15.6,512.0,32.0,1629.95
lenovo,15.6,512.0,12.0,478.88
lenovo,16.0,512.0,16.0,1370.49
dell,16.0,512.0,32.0,1616.99
dell,15.6,2000.0,64.0,2539.99
dell,14.0,512.0,16.0,1849.99
asus,14.0,64.0,4.0,184.99
asus,15.6,512.0,4.0,235.75
asus,16.0,2000.0,32.0,2899.99
dell,13.0,1000.0,16.0,1150.99
dell,14.0,512.0,16.0,999.99
hp,15.6,512.0,16.0,709.99
acer,14.0,64.0,8.0,489.99
dell,14.0,512.0,16.0,351.98
asus,15.6,256.0,8.0,460.0
lenovo,14.0,256.0,16.0,849.0
toughbook,10.1,256.0,8.0,999.99
hp,14.0,256.0,16.0,1384.99
dell,13.4,512.0,16.0,1041.99
lenovo,15.6,512.0,16.0,1698.49
lenovo,16.0,512.0,16.0,1449.99
dell,14.0,512.0,16.0,425.0
dell,15.6,2000.0,64.0,1247.21
asus,16.0,1000.0,16.0,899.99
dell,15.6,512.0,8.0,980.0
hp,14.0,512.0,8.0,332.88
lg,17.0,2000.0,16.0,1782.96
lenovo,11.6,512.0,4.0,195.99
lenovo,14.0,1000.0,16.0,1356.0
asus,17.3,512.0,16.0,1799.0
lenovo,12.3,512.0,16.0,869.99
acer,15.6,512.0,16.0,630.15
apple,13.6,512.0,16.0,1588.42
lenovo,11.6,32.0,4.0,203.77
lenovo,14.0,512.0,8.0,909.99
acer,11.6,32.0,32.0,204.95
dell,13.3,1024.0,16.0,1163.21
dell,15.6,256.0,8.0,901.85
lenovo,14.0,64.0,4.0,177.0
hp,15.6,512.0,16.0,2499.0
hp,11.6,16.0,4.0,75.0
acer,14.0,64.0,8.0,432.7
dell,13.4,1000.0,32.0,1501.49
hp,15.6,128.0,8.0,316.99
samsung,15.6,512.0,16.0,1320.86
dell,17.3,512.0,32.0,3075.33
dell,14.1,300.0,2.0,84.54
acer,14.0,512.0,16.0,1049.99
asus,14.0,320.0,4.0,324.37
dell,15.6,1000.0,64.0,2929.35
lenovo,16.0,1000.0,32.0,2251.99
acer,14.0,512.0,16.0,532.49
dell,14.0,128.0,4.0,399.0
lenovo,11.6,32.0,4.0,239.99
dell,15.6,2000.0,8.0,356.99
hp,13.3,256.0,16.0,1863.52
dell,14.0,512.0,16.0,2312.24
lenovo,14.0,512.0,20.0,499.99
dell,14.0,1000.0,32.0,1670.17
toughbook,10.1,128.0,8.0,959.0
dell,14.0,256.0,16.0,876.02
dell,15.6,512.0,16.0,1588.99
lenovo,13.3,256.0,8.0,500.11
lenovo,16.0,2000.0,64.0,2319.0
dell,17.0,512.0,32.0,2701.64
acer,15.6,512.0,4.0,341.45
dell,11.6,512.0,4.0,229.99
acer,15.6,256.0,8.0,528.18
dell,13.3,256.0,8.0,699.99
lenovo,14.0,512.0,8.0,1019.0
acer,14.0,1000.0,16.0,1347.59
asus,13.3,512.0,8.0,1099.0
asus,14.0,512.0,8.0,819.99
lenovo,15.6,512.0,8.0,690.0
dell,15.6,512.0,32.0,1488.95
lg,16.0,512.0,16.0,900.9
hp,14.0,32.0,4.0,297.0
lenovo,14.0,512.0,16.0,1637.24
acer,11.6,512.0,4.0,269.0
dell,14.0,256.0,16.0,917.24
panasonic,14.0,256.0,8.0,700.0
asus,11.6,512.0,4.0,198.0
asus,17.3,1000.0,12.0,519.0
dell,13.3,256.0,8.0,2199.0
hp,15.6,256.0,16.0,939.19
dell,17.0,1000.0,32.0,2949.0
lenovo,14.0,512.0,16.0,1599.0
lenovo,14.0,512.0,32.0,2148.82
msi,15.6,512.0,64.0,1289.99
lenovo,15.6,256.0,4.0,349.99
hp,14.0,1000.0,32.0,599.99
microsoft,13.5,512.0,8.0,449.0
asus,16.0,1000.0,32.0,1445.82
lg,16.0,1000.0,16.0,1546.84
panasonic,13.1,480.0,8.0,552.99
acer,15.6,1000.0,16.0,1249.98
lenovo,15.6,256.0,8.0,369.95
dell,15.6,2000.0,64.0,1125.0
dell,13.0,256.0,8.0,749.99
dell,15.6,256.0,32.0,479.99
asus,16.0,512.0,12.0,629.0
dell,13.3,256.0,8.0,598.99
lenovo,13.3,512.0,16.0,849.0
dell,17.3,512.0,12.0,1486.99
panasonic,13.1,1000.0,16.0,599.99
dell,15.6,1000.0,16.0,1767.99
dell,13.0,1000.0,16.0,899.74
dell,17.0,512.0,32.0,3345.99
lenovo,14.0,512.0,4.0,289.0
dell,14.0,512.0,32.0,1535.99
dell,14.0,1000.0,16.0,1499.99
hp,11.6,512.0,4.0,154.89
asus,17.3,512.0,8.0,743.66
msi,13.4,1000.0,32.0,1599.0
acer,15.6,512.0,8.0,879.99
lenovo,16.0,512.0,16.0,1488.64
dell,15.0,512.0,16.0,986.99
dell,15.6,1000.0,16.0,2499.99
samsung,15.6,512.0,4.0,268.99
acer,14.0,512.0,16.0,1026.99
dell,16.0,1000.0,64.0,3999.99
asus,15.6,1000.0,32.0,2249.0
asus,11.6,32.0,8.0,444.99
panasonic,15.4,480.0,16.0,606.89
asus,15.6,128.0,8.0,370.23
apple,16.0,1000.0,16.0,1419.0
dell,14.0,512.0,16.0,1910.62
lenovo,15.6,512.0,16.0,1169.0
lenovo,14.0,512.0,16.0,711.99
asus,15.6,128.0,4.0,319.0
panasonic,15.4,240.0,8.0,450.0
lenovo,15.6,512.0,16.0,659.99
lenovo,15.6,256.0,12.0,899.99
msi,16.0,1000.0,16.0,1599.0
lenovo,15.6,128.0,4.0,399.99
lg,16.0,512.0,8.0,978.99
dell,15.6,2000.0,32.0,1481.86
dell,14.0,2000.0,64.0,993.23
dell,13.3,256.0,16.0,1499.0
hp,12.5,500.0,8.0,248.98
lenovo,16.0,2000.0,32.0,2119.0
lg,15.0,512.0,8.0,1469.44
dell,15.6,1000.0,32.0,1986.99
msi,15.6,1000.0,16.0,1349.49
dell,14.0,256.0,8.0,726.07
msi,15.6,512.0,16.0,1099.99
hp,14.0,1000.0,8.0,587.99
dell,14.0,320.0,2.0,99.99
hp,14.0,512.0,4.0,207.99
dell,15.6,512.0,16.0,1910.11
hp,15.6,512.0,8.0,479.99
acer,11.6,64.0,4.0,316.39
hp,11.6,32.0,4.0,168.0
lenovo,14.0,512.0,16.0,1209.0
dell,17.0,1000.0,32.0,2999.0
dell,14.0,256.0,16.0,798.0
dell,13.4,1000.0,16.0,1355.84
asus,15.6,256.0,8.0,499.99
toughbook,14.0,512.0,16.0,1195.0
microsoft,15.0,512.0,16.0,1299.0
dell,15.6,1000.0,32.0,1962.99
hp,14.0,320.0,4.0,124.0
panasonic,12.0,512.0,16.0,1773.99
dell,17.3,512.0,64.0,3376.64
dell,17.0,1000.0,32.0,4999.0
msi,14.0,1000.0,16.0,839.99
lenovo,16.0,512.0,16.0,1499.0
acer,11.6,32.0,4.0,334.99
hp,16.0,512.0,16.0,1400.0
dell,16.0,512.0,16.0,1599.99
lenovo,15.6,512.0,16.0,864.14
dell,17.0,2000.0,64.0,3399.99
lenovo,11.6,512.0,8.0,282.67
lenovo,11.6,32.0,4.0,253.46
lenovo,14.0,256.0,16.0,965.99
dell,15.6,1000.0,16.0,1163.99
lenovo,14.0,256.0,16.0,1152.45
lenovo,14.0,256.0,4.0,468.0
asus,17.3,1000.0,16.0,1699.0
lenovo,15.6,1000.0,32.0,1349.99
msi,15.6,1000.0,16.0,1246.47
dell,14.0,512.0,16.0,792.95
hp,17.3,1000.0,16.0,474.98
lenovo,11.6,64.0,4.0,269.99
acer,14.0,512.0,8.0,599.99
msi,15.6,512.0,32.0,1129.99
dell,14.0,256.0,16.0,1359.99
dell,16.0,1000.0,32.0,1374.98
msi,17.3,1000.0,32.0,4499.0
lenovo,15.6,256.0,4.0,360.0
dell,18.0,2000.0,64.0,3416.35
msi,15.6,512.0,32.0,1159.99
dell,13.0,256.0,8.0,749.99
asus,14.0,64.0,4.0,229.99
hp,11.6,32.0,4.0,176.24
lenovo,15.6,256.0,8.0,400.0
toughbook,10.1,256.0,8.0,863.99
lenovo,14.0,2000.0,16.0,1199.0
dell,15.6,1000.0,64.0,2465.99
dell,15.6,2000.0,64.0,971.04
dell,14.0,512.0,32.0,996.99
msi,15.6,2000.0,64.0,1808.99
hp,11.6,32.0,4.0,194.97
dell,13.3,512.0,16.0,1718.99
dell,14.0,512.0,16.0,2643.99
dell,14.0,512.0,16.0,1482.04
dell,17.3,2000.0,16.0,1881.99
asus,11.6,128.0,4.0,462.0
hp,15.6,1000.0,12.0,959.99
dell,13.3,512.0,16.0,1273.99
dell,17.0,4000.0,64.0,3799.0
lenovo,14.0,4000.0,48.0,2179.0
dell,15.6,2000.0,32.0,620.0
dell,15.6,1000.0,16.0,1009.0
dell,13.0,1000.0,16.0,1561.99
dell,14.0,1000.0,12.0,2086.99
dell,15.6,500.0,16.0,268.98
lenovo,14.0,512.0,4.0,310.19
lenovo,16.0,512.0,16.0,1344.99
gigabyte,17.0,1000.0,16.0,1119.99
lenovo,14.0,512.0,16.0,1638.95
apple,13.0,512.0,16.0,1657.99
dell,14.0,512.0,16.0,2150.88
dell,14.0,256.0,8.0,836.16
lenovo,13.3,256.0,8.0,724.0
dell,14.0,256.0,16.0,749.99
dell,15.6,512.0,32.0,953.82
lenovo,14.0,512.0,8.0,899.0
asus,15.6,512.0,8.0,979.0
acer,15.6,512.0,4.0,312.99
lenovo,14.0,512.0,4.0,333.99
hp,15.6,256.0,8.0,378.0
lenovo,13.3,64.0,4.0,399.0
dell,13.3,512.0,16.0,1273.99
dell,14.0,1000.0,32.0,1227.99
asus,14.0,32.0,4.0,199.0
asus,15.6,256.0,8.0,619.71
lenovo,14.0,256.0,16.0,139.98
dell,15.6,512.0,16.0,979.0
hp,15.6,512.0,16.0,930.0
lenovo,15.6,1000.0,32.0,4119.0
dell,13.4,512.0,16.0,1273.99
dell,15.6,512.0,16.0,1723.77
lenovo,14.0,256.0,8.0,653.99
hp,16.0,512.0,32.0,1973.99
dell,17.3,512.0,64.0,3915.99
panasonic,13.1,250.0,4.0,299.95
acer,15.6,512.0,4.0,93.99
dell,15.6,512.0,16.0,1699.0
dell,16.0,1000.0,16.0,854.86
msi,14.0,512.0,16.0,941.05
microsoft,13.5,512.0,8.0,865.0
dell,14.0,512.0,32.0,2192.13
hp,14.0,256.0,8.0,490.77
hp,13.5,512.0,16.0,2333.99
asus,16.0,2000.0,32.0,1704.99
asus,14.0,128.0,4.0,446.98
dell,14.0,256.0,8.0,784.97
dell,15.6,512.0,64.0,2699.0
hp,11.6,512.0,4.0,69.82
dell,13.3,128.0,8.0,1099.95
lenovo,14.0,256.0,16.0,729.99
apple,13.3,256.0,16.0,1499.0
dell,16.0,512.0,32.0,1662.92
lenovo,11.6,128.0,4.0,286.0
dell,15.6,256.0,16.0,1526.31
dell,13.4,512.0,16.0,909.99
microsoft,15.0,256.0,8.0,799.0
asus,15.6,1000.0,16.0,2249.99
dell,16.0,1000.0,40.0,1498.0
lenovo,15.6,128.0,4.0,222.5
apple,15.6,512.0,24.0,1899.0
dell,15.6,512.0,16.0,681.61
dell,15.6,512.0,32.0,1699.95
dell,14.0,512.0,16.0,802.91
apple,16.2,1000.0,32.0,3043.95
dell,17.3,2000.0,64.0,3208.03
dell,15.6,256.0,8.0,760.99
asus,11.6,32.0,2.0,199.99
hp,15.6,1000.0,32.0,849.99
lenovo,15.6,1000.0,20.0,419.0
acer,14.0,512.0,8.0,799.99
dell,11.6,512.0,16.0,1299.95
dell,14.0,512.0,8.0,656.25
acer,11.6,32.0,4.0,219.0
gigabyte,14.0,512.0,16.0,700.43
hp,15.6,2000.0,32.0,298.7
hp,15.6,500.0,8.0,799.81
asus,11.6,32.0,4.0,169.0
dell,15.6,1000.0,32.0,949.0
dell,14.0,256.0,16.0,1875.98
lenovo,16.0,512.0,16.0,2352.59
dell,13.3,512.0,8.0,749.0
dell,15.6,512.0,16.0,1566.99
dell,13.4,2000.0,32.0,1820.99
dell,14.0,512.0,16.0,1077.24
lenovo,16.0,512.0,16.0,1851.99
samsung,11.6,64.0,4.0,249.49
dell,15.6,2000.0,32.0,2409.99
lenovo,11.6,64.0,4.0,229.0
dell,14.0,512.0,16.0,2472.99
dell,15.0,512.0,32.0,1999.95
lg,16.0,4000.0,16.0,1919.0
dell,16.0,4000.0,64.0,1317.06
acer,15.6,2000.0,32.0,2129.99
dell,15.6,512.0,16.0,1514.09
lg,15.6,256.0,8.0,999.99
dell,17.0,1000.0,16.0,2179.05
lenovo,14.0,512.0,16.0,2426.99
microsoft,13.5,512.0,16.0,1499.99
dell,15.6,2000.0,16.0,1436.81
dell,13.3,512.0,12.0,795.0
hp,14.0,128.0,4.0,328.58
dell,15.6,256.0,8.0,1443.6
acer,11.6,32.0,1.0,295.4
dell,13.3,256.0,8.0,729.0
hp,12.5,256.0,8.0,209.98
dell,14.0,512.0,32.0,1652.99
lenovo,15.6,256.0,8.0,1920.57
dell,14.0,256.0,16.0,544.0
hp,13.3,512.0,16.0,2099.0
dell,16.0,512.0,16.0,854.86
lenovo,16.0,256.0,16.0,1007.0
lenovo,14.0,512.0,32.0,1644.31
lenovo,14.0,2000.0,16.0,1131.06
hp,12.5,512.0,16.0,307.98
msi,14.0,512.0,8.0,699.0
dell,15.6,500.0,8.0,529.95
dell,16.0,1000.0,16.0,854.86
lg,17.0,512.0,8.0,1469.99
hp,15.6,512.0,16.0,2299.0
msi,17.3,4000.0,64.0,2569.0
dell,14.0,256.0,16.0,1652.68
asus,15.6,512.0,12.0,479.0
dell,15.6,1000.0,32.0,1681.29
acer,14.0,512.0,16.0,599.99
toughbook,14.0,512.0,8.0,749.89
lenovo,14.0,512.0,12.0,1049.0
dell,15.6,1000.0,16.0,342.98
samsung,11.6,16.0,2.0,85.0
dell,14.0,512.0,16.0,339.0
dell,15.6,320.0,4.0,249.95
dell,14.0,512.0,16.0,1770.16
dell,14.0,2000.0,64.0,993.23
hp,14.0,256.0,4.0,252.98
dell,14.0,256.0,32.0,999.66
lenovo,13.0,256.0,16.0,1504.08
dell,14.0,512.0,8.0,540.0
acer,15.6,256.0,8.0,436.11
lenovo,15.6,128.0,12.0,458.14
acer,16.0,1000.0,16.0,1849.0
dell,14.0,256.0,16.0,1713.59
lenovo,13.3,512.0,16.0,1730.95
hp,15.6,128.0,4.0,288.0
dell,15.6,256.0,32.0,714.34
dell,14.0,2000.0,64.0,1406.04
lenovo,16.0,512.0,16.0,1960.77
acer,11.6,16.0,16.0,159.95
dell,14.0,2000.0,64.0,1419.92
msi,17.3,1000.0,32.0,3599.0
hp,13.3,1000.0,16.0,1499.0
dell,15.6,512.0,16.0,1734.21
dell,15.6,512.0,16.0,873.93
dell,14.1,160.0,16.0,89.99
dell,16.0,512.0,32.0,1385.98
lg,17.0,2000.0,16.0,1515.03
dell,16.0,512.0,24.0,1193.72
hp,15.6,512.0,16.0,425.99
hp,14.0,512.0,16.0,1796.25
dell,13.4,1000.0,16.0,1101.49
hp,11.6,512.0,4.0,401.99
dell,14.0,256.0,16.0,1699.0
dell,11.6,512.0,4.0,287.99
dell,14.0,512.0,16.0,2108.4
dell,14.0,128.0,4.0,361.65
hp,14.0,256.0,16.0,1659.99
dell,15.6,512.0,16.0,879.0
dell,13.3,512.0,16.0,1399.81
hp,14.0,512.0,16.0,1963.3
dell,11.6,32.0,4.0,289.0
lg,14.0,1000.0,16.0,1699.99
lenovo,17.3,1000.0,64.0,2899.0
dell,15.0,256.0,16.0,1523.03
dell,13.3,256.0,8.0,545.0
acer,11.6,64.0,8.0,485.99
dell,17.3,512.0,16.0,1998.77
lenovo,14.0,256.0,8.0,844.65
dell,14.0,2000.0,32.0,2668.91
dell,14.0,256.0,8.0,569.77
dell,15.6,512.0,16.0,1599.77
hp,13.3,256.0,8.0,905.27
hp,14.0,512.0,4.0,169.0
lenovo,15.6,512.0,8.0,799.0
dell,15.6,2000.0,64.0,3245.46
dell,15.6,500.0,8.0,266.98
dell,15.6,512.0,32.0,1244.95
dell,16.0,1000.0,32.0,1269.99
lenovo,15.6,512.0,16.0,1171.31
dell,14.0,256.0,16.0,1557.79
dell,11.6,512.0,8.0,899.95
lenovo,15.6,256.0,8.0,699.99
dell,17.0,4000.0,64.0,3799.0
dell,13.3,256.0,8.0,807.99
lenovo,15.6,500.0,16.0,369.95
lenovo,16.0,1000.0,32.0,2399.99
dell,15.6,512.0,16.0,809.0
hp,14.0,512.0,4.0,228.0
dell,13.4,1000.0,16.0,1101.34
dell,13.3,256.0,8.0,1129.99
dell,14.0,256.0,8.0,696.99
dell,14.0,1000.0,32.0,880.62
hp,15.6,500.0,16.0,289.95
razer,17.3,1000.0,32.0,5599.0
lenovo,14.0,256.0,8.0,616.99
asus,14.0,128.0,4.0,432.99
dell,13.4,1000.0,32.0,1150.99
acer,15.6,32.0,4.0,344.0
msi,14.0,512.0,16.0,1025.01
dell,13.0,256.0,8.0,655.99
asus,15.6,1000.0,32.0,1789.0
dell,14.0,512.0,16.0,879.84
hp,14.0,512.0,16.0,791.79
dell,15.6,2000.0,64.0,2175.86
lenovo,14.0,512.0,16.0,1470.77
dell,15.6,256.0,8.0,1531.28
acer,14.0,32.0,4.0,275.0
msi,17.3,2000.0,32.0,1666.47
lg,17.0,2000.0,16.0,1850.52
dell,14.0,512.0,16.0,1626.18
dell,18.0,1000.0,32.0,3098.97
dell,17.0,512.0,64.0,3498.77
dell,15.6,512.0,16.0,890.77
dell,15.6,1000.0,32.0,835.57
dell,17.3,2000.0,64.0,3273.54
acer,14.0,512.0,16.0,1099.99
dell,15.6,512.0,4.0,129.0
lenovo,14.0,512.0,16.0,1379.99
lenovo,14.0,512.0,16.0,999.0
dell,16.0,512.0,32.0,2199.99
lenovo,14.0,256.0,16.0,743.92
dell,15.6,256.0,8.0,739.41
dell,14.0,1000.0,16.0,1264.99
dell,13.3,128.0,8.0,999.0
acer,15.6,512.0,64.0,1319.99
lenovo,14.0,256.0,8.0,1188.25
dell,13.4,2000.0,16.0,1351.34
dell,14.0,512.0,16.0,1399.99
dell,14.0,512.0,16.0,1817.07
hp,14.0,512.0,16.0,1699.0
lenovo,15.6,1000.0,4.0,324.86
dell,15.6,512.0,16.0,1659.96
dell,13.3,256.0,16.0,1376.99
hp,15.6,512.0,16.0,1147.99
lg,16.0,256.0,16.0,999.0
dell,14.0,256.0,16.0,1899.0
dell,14.0,512.0,32.0,2070.75
hp,15.6,512.0,4.0,376.21
lenovo,11.6,500.0,4.0,298.95
hp,15.6,512.0,8.0,1858.99
msi,17.3,512.0,16.0,1989.33
asus,15.6,128.0,8.0,419.99
hp,16.0,512.0,16.0,2152.78
dell,17.3,512.0,32.0,1245.49
dell,13.3,256.0,8.0,740.98
dell,15.6,2000.0,16.0,1827.69
acer,15.6,1000.0,4.0,449.99
asus,15.6,128.0,8.0,399.99
acer,15.6,512.0,32.0,1049.99
dell,15.6,2000.0,64.0,971.04
dell,17.0,1000.0,32.0,1589.0
lenovo,15.6,512.0,8.0,1002.26
dell,15.6,512.0,16.0,310.98
dell,16.0,2000.0,64.0,4277.34
asus,14.0,128.0,4.0,135.49
dell,13.3,512.0,16.0,1099.99
acer,14.0,256.0,8.0,1518.88
hp,15.6,512.0,16.0,849.49
acer,11.0,8.0,8.0,379.99
lenovo,13.3,256.0,8.0,649.49
dell,15.6,1000.0,16.0,1598.0
dell,13.3,512.0,16.0,1239.77
acer,16.0,512.0,16.0,1249.0
dell,18.0,1000.0,64.0,2951.99
asus,14.0,512.0,16.0,2499.0
alienware,17.3,512.0,32.0,1594.95
hp,14.0,512.0,16.0,245.01
dell,14.0,2000.0,16.0,1659.67
acer,15.6,128.0,4.0,429.99
hp,17.3,256.0,16.0,2299.0
lenovo,14.0,512.0,5.0,1149.0
samsung,15.6,512.0,16.0,1299.0
dell,18.0,1000.0,32.0,2629.98
dell,15.6,256.0,16.0,2399.0
dell,15.6,1000.0,32.0,2000.98
acer,15.6,256.0,8.0,519.0
hp,15.6,512.0,8.0,1999.0
dell,14.0,256.0,8.0,600.49
dell,13.4,1000.0,32.0,1895.92
toughbook,14.0,1000.0,16.0,737.99
hp,14.0,256.0,16.0,1237.1
dell,15.6,512.0,16.0,1288.88
dell,15.6,1000.0,16.0,1271.26
dell,15.6,512.0,16.0,1673.48
asus,15.6,512.0,8.0,848.88
msi,15.6,1000.0,32.0,2591.48
lenovo,14.0,256.0,8.0,739.99
lenovo,15.6,512.0,16.0,838.7
dell,14.0,256.0,16.0,1432.8
hp,15.6,512.0,16.0,2999.0
dell,12.3,256.0,16.0,999.0
hp,14.0,256.0,16.0,778.0
dell,14.0,500.0,4.0,180.0
lenovo,14.0,512.0,16.0,1467.99
dell,15.6,256.0,8.0,784.09
dell,14.0,2000.0,64.0,1616.96
dell,17.0,1000.0,32.0,1999.95
hp,14.0,8.0,8.0,730.11
msi,17.3,2000.0,32.0,1997.1
lenovo,13.3,256.0,16.0,1419.99
dell,14.0,256.0,8.0,699.0
dell,14.0,512.0,32.0,1668.53
hp,15.6,512.0,4.0,572.84
acer,15.6,512.0,32.0,859.0
dell,15.6,256.0,16.0,1100.72
dell,13.3,512.0,16.0,1154.33
dell,14.0,256.0,16.0,692.99
dell,18.0,1000.0,16.0,2298.34
lenovo,14.0,500.0,16.0,379.0
dell,16.0,512.0,16.0,1161.11
dell,15.6,1000.0,16.0,2370.07
asus,13.3,256.0,8.0,1143.73
lenovo,14.0,256.0,8.0,781.99
lenovo,15.6,1000.0,16.0,1539.77
dell,16.0,512.0,16.0,1099.99
lenovo,14.0,256.0,8.0,699.0
msi,17.3,512.0,8.0,1599.0
dell,14.0,256.0,16.0,1195.94
dell,14.0,1000.0,16.0,1096.99
hp,14.0,512.0,16.0,179.55
dell,11.6,512.0,4.0,216.49
lenovo,14.0,512.0,16.0,2242.99
dell,14.0,256.0,16.0,1026.13
acer,15.6,32.0,4.0,221.41
asus,17.0,512.0,32.0,2799.0
dell,13.0,256.0,16.0,750.74
dell,13.3,512.0,8.0,798.94
dell,13.3,512.0,8.0,799.81
dell,15.6,512.0,32.0,1769.77
acer,14.0,512.0,8.0,699.8
dell,15.6,256.0,8.0,727.53
hp,13.3,512.0,16.0,2399.0
microsoft,13.5,512.0,8.0,199.99
dell,15.6,1000.0,32.0,1449.81
dell,14.0,256.0,16.0,1734.85
dell,13.3,256.0,16.0,972.45
dell,15.6,1000.0,16.0,1199.0
lenovo,14.0,512.0,16.0,1455.66
dell,14.0,256.0,16.0,1065.99
lenovo,14.0,256.0,8.0,895.3
lenovo,14.0,512.0,8.0,449.0
msi,15.6,1000.0,32.0,3599.0
lenovo,14.0,128.0,4.0,244.0
lenovo,14.0,256.0,8.0,284.97
dell,15.6,1000.0,32.0,2579.36
hp,14.0,320.0,4.0,109.0
lenovo,15.6,256.0,8.0,545.0
asus,15.6,1000.0,16.0,933.45
hp,14.0,2000.0,64.0,1999.0
hp,13.5,1000.0,16.0,2399.0
dell,17.3,2000.0,64.0,3119.23
lenovo,14.0,256.0,16.0,811.39
acer,11.6,32.0,4.0,229.0
dell,17.3,512.0,16.0,1499.95
dell,13.3,1000.0,16.0,897.52
dell,13.3,1000.0,16.0,911.02
dell,15.0,512.0,16.0,2799.0
lenovo,15.6,256.0,8.0,559.41
dell,15.6,512.0,16.0,1036.82
msi,15.6,512.0,16.0,1899.0
dell,14.0,512.0,16.0,931.99
dell,15.6,1000.0,32.0,1779.95
microsoft,12.45,512.0,4.0,269.99
msi,14.0,512.0,8.0,589.99
dell,15.6,512.0,16.0,1239.81
dell,15.0,1000.0,64.0,1999.0
dell,15.6,1000.0,32.0,740.6
msi,17.0,2000.0,32.0,5499.0
hp,16.0,512.0,16.0,2098.99
dell,14.0,256.0,8.0,188.0
dell,17.0,512.0,16.0,1299.0
lenovo,14.0,512.0,16.0,1279.99
lenovo,14.0,320.0,8.0,138.0
dell,14.0,512.0,32.0,2110.35
lenovo,15.6,256.0,8.0,599.95
lenovo,15.6,1000.0,6.0,528.18
dell,14.0,256.0,16.0,779.62
msi,15.6,512.0,32.0,1899.0
hp,12.5,128.0,8.0,212.98
dell,13.3,512.0,16.0,1389.77
acer,14.0,128.0,8.0,719.0
apple,15.6,512.0,24.0,1899.0
lenovo,14.0,256.0,16.0,1869.0
dell,14.0,512.0,32.0,1749.95
dell,17.0,1000.0,32.0,2498.99
hp,15.6,512.0,32.0,2799.0
dell,15.6,1000.0,4.0,1999.0
dell,14.0,256.0,16.0,1450.77
hp,13.3,512.0,16.0,1482.13
msi,14.0,1000.0,16.0,1334.95
dell,15.6,1000.0,32.0,1789.81
msi,17.3,512.0,16.0,1877.99
dell,13.3,512.0,16.0,994.79
lenovo,15.6,512.0,16.0,1089.99
dell,13.4,512.0,16.0,1807.78
lenovo,14.0,2000.0,32.0,2207.14
dell,15.6,512.0,32.0,792.78
dell,14.0,512.0,16.0,285.98
hp,13.3,512.0,8.0,815.0
hp,14.0,256.0,16.0,971.99
dell,14.0,2000.0,32.0,1575.99
lenovo,13.3,256.0,16.0,1601.99
lenovo,15.6,128.0,4.0,247.49
dell,14.0,1000.0,32.0,1569.99
dell,15.6,256.0,16.0,878.37
dell,14.0,512.0,32.0,997.74
dell,15.6,256.0,4.0,1999.0
dell,15.6,1000.0,64.0,2425.99
dell,17.0,512.0,32.0,2930.46
dell,15.6,512.0,16.0,1159.0
dell,15.6,256.0,16.0,1597.77
hp,13.3,256.0,16.0,1149.0
msi,17.3,512.0,32.0,1699.99
asus,14.0,64.0,4.0,199.99
hp,13.3,512.0,16.0,1930.77
hp,15.6,512.0,8.0,902.98
lenovo,14.0,512.0,16.0,2599.0
dell,17.3,2000.0,64.0,3274.46
dell,15.6,512.0,64.0,1599.0
dell,13.3,256.0,8.0,694.19
lenovo,15.6,256.0,8.0,1090.57
dell,14.0,512.0,16.0,1899.0
dell,13.0,512.0,16.0,1031.79
lenovo,14.1,160.0,16.0,109.0
lenovo,15.6,512.0,16.0,719.99
dell,14.0,128.0,8.0,529.95
dell,14.0,512.0,16.0,1472.99
dell,15.6,2000.0,64.0,1030.18
dell,13.3,256.0,8.0,951.99
dell,14.0,2000.0,64.0,1406.04
msi,15.6,512.0,16.0,1289.89
hp,11.6,256.0,8.0,993.99
lenovo,14.0,512.0,16.0,1455.77
dell,16.0,512.0,32.0,1438.99
msi,15.6,512.0,16.0,1113.87
dell,13.4,512.0,8.0,1069.81
dell,14.0,512.0,16.0,1199.95
lenovo,15.6,128.0,8.0,599.99
lenovo,14.0,256.0,16.0,1149.18
dell,13.3,2000.0,16.0,881.74
dell,17.0,4000.0,64.0,3799.99
dell,14.0,256.0,8.0,765.75
asus,15.6,512.0,8.0,718.46
dell,17.3,1000.0,32.0,2402.99
msi,15.6,1000.0,16.0,1399.0
samsung,11.6,16.0,2.0,149.95
dell,15.6,512.0,16.0,1942.83
dell,16.0,512.0,16.0,708.99
msi,15.6,512.0,32.0,2399.0
dell,15.6,1000.0,16.0,620.64
dell,13.3,512.0,16.0,934.67
msi,14.0,512.0,16.0,1099.0
dell,14.0,512.0,32.0,1590.99
hp,14.0,512.0,32.0,2427.19
dell,14.0,256.0,16.0,822.06
dell,13.3,512.0,8.0,1299.0
asus,14.0,64.0,4.0,325.0
hp,17.3,8000.0,64.0,4339.0
acer,13.3,320.0,16.0,299.88
dell,15.6,512.0,16.0,1499.0
dell,15.6,1000.0,64.0,1729.95
lg,17.0,512.0,16.0,1396.99
dell,14.0,512.0,32.0,885.12
hp,15.6,512.0,16.0,2399.0
lenovo,16.0,2000.0,32.0,3619.99
dell,14.0,512.0,16.0,2399.99
dell,15.6,1000.0,64.0,3351.99
lenovo,15.6,256.0,8.0,599.0
asus,13.3,512.0,8.0,1399.0
hp,14.0,256.0,16.0,519.99
lenovo,15.6,512.0,8.0,791.12
dell,14.0,512.0,16.0,1748.04
dell,15.6,1000.0,64.0,1846.99
dell,15.6,2000.0,64.0,2699.0
dell,15.6,512.0,16.0,1550.25
panasonic,13.1,500.0,4.0,399.99
hp,16.1,2000.0,64.0,2029.99
samsung,11.6,32.0,4.0,298.0
dell,14.0,512.0,16.0,1577.98
dell,15.6,512.0,16.0,2499.0
dell,15.6,256.0,16.0,119.95
dell,15.6,256.0,16.0,1199.95
asus,15.6,512.0,8.0,772.2
hp,15.6,256.0,8.0,849.99
dell,11.6,128.0,4.0,305.39
dell,14.0,512.0,32.0,2418.3
lenovo,16.0,1000.0,16.0,1779.49
apple,12.0,512.0,8.0,779.95
dell,17.3,4000.0,64.0,2756.99
lenovo,14.0,256.0,8.0,419.0
lenovo,15.6,1000.0,64.0,3999.0
acer,15.6,256.0,8.0,449.0
lenovo,14.0,512.0,16.0,2466.99
alienware,15.6,512.0,16.0,1329.95
dell,15.6,1000.0,32.0,1550.64
lenovo,14.0,256.0,8.0,295.97
hp,11.6,128.0,8.0,229.98
dell,14.0,1000.0,32.0,1507.16
dell,17.0,4000.0,64.0,2470.99
hp,15.6,512.0,16.0,2499.0
dell,14.0,512.0,16.0,1599.0
hp,15.6,1000.0,16.0,2199.0
dell,13.0,512.0,16.0,1047.29
dell,15.6,1000.0,16.0,949.95
dell,14.0,1000.0,32.0,2293.99
acer,14.0,512.0,32.0,359.92
msi,17.3,512.0,16.0,1799.0
dell,13.0,512.0,16.0,1295.53
dell,17.3,1000.0,32.0,1778.99
acer,14.0,512.0,4.0,173.92
dell,16.0,1000.0,16.0,913.99
dell,13.3,500.0,16.0,289.95
asus,15.6,512.0,8.0,723.16
dell,14.0,512.0,16.0,1680.46
dell,16.0,1000.0,16.0,1689.0
dell,15.6,1000.0,64.0,1085.99
dell,14.0,512.0,32.0,1295.03
asus,14.0,128.0,4.0,319.99
dell,14.0,512.0,12.0,899.0
dell,15.6,4000.0,4.0,3271.99
dell,15.6,256.0,8.0,1099.81
msi,17.3,1000.0,32.0,3449.0
dell,14.0,128.0,16.0,1099.95
msi,15.6,512.0,16.0,1349.0
dell,16.0,2000.0,32.0,1091.99
dell,16.0,1000.0,16.0,1166.97
dell,15.6,1000.0,32.0,1429.99
lenovo,15.6,256.0,8.0,499.0
lenovo,14.0,256.0,8.0,699.99
dell,13.4,512.0,16.0,1899.0
acer,14.0,256.0,16.0,999.99
dell,14.0,512.0,8.0,138.99
hp,15.6,256.0,8.0,439.0
lenovo,11.6,512.0,4.0,244.97
dell,15.6,256.0,16.0,1094.13
lenovo,13.3,512.0,8.0,536.89
dell,15.6,256.0,16.0,1653.74
dell,17.3,1000.0,32.0,1688.99
acer,11.6,64.0,4.0,246.39
asus,13.3,512.0,16.0,769.99
dell,14.0,256.0,16.0,671.84
dell,14.0,512.0,16.0,610.68
acer,15.6,512.0,16.0,2299.0
dell,14.0,1000.0,64.0,947.06
lenovo,14.0,128.0,4.0,248.0
hp,11.6,512.0,8.0,249.98
dell,15.6,1000.0,32.0,1900.0
hp,14.0,256.0,16.0,989.99
lenovo,14.0,512.0,16.0,689.99
alienware,15.6,512.0,16.0,1699.95
dell,15.6,512.0,16.0,1332.99
lenovo,14.0,512.0,16.0,311.6
dell,13.3,256.0,16.0,750.74
dell,15.6,512.0,32.0,2389.99
lenovo,15.6,500.0,4.0,248.88
dell,15.6,512.0,16.0,1699.95
dell,15.6,512.0,8.0,989.0
toughbook,13.0,500.0,16.0,595.97
dell,17.3,256.0,16.0,1799.95
dell,14.0,256.0,8.0,254.98
dell,15.6,512.0,32.0,1603.27
dell,17.0,1000.0,64.0,2560.59
dell,13.0,256.0,8.0,750.74
dell,14.0,512.0,16.0,1646.99
dell,15.6,1000.0,16.0,1488.13
dell,14.0,256.0,16.0,1549.0
hp,16.0,1000.0,32.0,2592.06
dell,13.0,128.0,8.0,750.74
hp,15.6,512.0,16.0,999.99
dell,14.0,512.0,16.0,801.99
lenovo,13.3,512.0,16.0,1129.99
dell,15.6,500.0,4.0,259.0
dell,14.0,256.0,16.0,276.98
dell,14.0,256.0,16.0,836.99
dell,15.6,256.0,16.0,269.98
lenovo,14.0,128.0,8.0,315.0
dell,15.6,1000.0,32.0,1641.99
dell,16.0,2000.0,16.0,1359.21
lenovo,12.5,256.0,8.0,469.99
asus,15.6,512.0,8.0,1199.0
dell,13.3,1000.0,16.0,890.99
apple,13.3,128.0,8.0,689.95
dell,15.6,512.0,16.0,2604.98
asus,15.6,1000.0,16.0,2799.0
hp,17.0,256.0,8.0,589.0
dell,15.6,512.0,16.0,1094.99
dell,15.6,1000.0,32.0,2193.98
msi,14.0,128.0,8.0,535.88
lenovo,15.6,512.0,20.0,585.69
dell,14.0,512.0,32.0,2220.88
dell,15.6,1000.0,16.0,656.85
dell,18.0,1000.0,64.0,2919.58
dell,14.0,512.0,16.0,861.48
dell,16.0,512.0,16.0,1183.99
lenovo,11.6,32.0,4.0,199.99
dell,17.0,1000.0,32.0,2905.39
lenovo,11.6,512.0,4.0,407.88
dell,11.6,128.0,4.0,525.83
asus,13.3,512.0,1.0,1499.0
dell,15.6,256.0,8.0,660.0
apple,14.0,1000.0,32.0,2611.35
dell,13.3,128.0,8.0,1179.81
dell,15.6,1000.0,64.0,1788.99
dell,17.3,2000.0,32.0,2923.99
acer,14.0,1000.0,16.0,999.0
dell,15.0,512.0,16.0,1715.99
asus,17.3,1000.0,16.0,2299.0
dell,14.0,512.0,16.0,1457.0
dell,14.1,160.0,4.0,149.95
dell,16.0,1000.0,32.0,1887.62
asus,15.6,1256.0,16.0,1999.0
dell,14.0,128.0,8.0,286.43
lenovo,14.0,256.0,16.0,849.0
dell,14.0,512.0,16.0,808.55
dell,14.0,512.0,16.0,799.99
dell,14.0,256.0,16.0,1899.0
dell,14.0,512.0,32.0,1225.48
lenovo,14.0,256.0,8.0,1299.0
msi,15.6,512.0,32.0,3299.0
hp,14.0,256.0,8.0,586.14
lenovo,14.0,512.0,8.0,299.0
dell,13.0,256.0,16.0,738.79
dell,17.3,1000.0,32.0,1689.18
lenovo,14.0,256.0,8.0,799.0
dell,17.3,2000.0,32.0,2992.63
alienware,17.3,1512.0,32.0,3495.0
hp,16.0,1000.0,32.0,1548.38
gigabyte,17.3,2000.0,16.0,2999.0
dell,14.0,512.0,8.0,889.99
dell,15.6,1000.0,32.0,1399.95
dell,17.3,1000.0,32.0,2738.99
hp,17.3,2000.0,64.0,2719.0
lenovo,14.0,512.0,8.0,499.0
lenovo,15.6,1000.0,8.0,587.55
lenovo,15.6,1920.0,16.0,594.93
dell,13.3,256.0,8.0,656.52
dell,13.3,1000.0,32.0,1685.69
lenovo,14.0,320.0,4.0,119.0
dell,15.6,2000.0,32.0,1037.99
dell,16.0,1000.0,24.0,1245.99
gigabyte,15.0,512.0,32.0,1199.99
dell,15.6,256.0,8.0,409.0
lenovo,15.6,512.0,16.0,2130.16
lenovo,14.0,512.0,16.0,1615.85
asus,15.6,512.0,16.0,1229.99
dell,14.0,512.0,16.0,1274.77
dell,15.6,512.0,16.0,1637.99
hp,16.1,4000.0,64.0,2229.0
lenovo,14.0,512.0,16.0,2069.66
dell,17.0,2000.0,64.0,3061.62
dell,15.6,512.0,16.0,1299.95
dell,15.6,2000.0,64.0,2149.99
dell,13.3,500.0,4.0,198.98
lenovo,13.3,512.0,16.0,999.99
dell,14.0,1000.0,32.0,1046.99
dell,14.0,1000.0,64.0,988.99
hp,13.5,512.0,16.0,2742.99
dell,12.0,512.0,8.0,899.99
lenovo,13.3,256.0,8.0,1049.0
dell,15.0,512.0,16.0,1046.99
dell,15.6,1000.0,16.0,1827.99
dell,15.6,2000.0,32.0,2772.99
dell,17.0,1500.0,64.0,3346.83
alienware,15.6,512.0,16.0,2699.0
msi,15.6,2000.0,32.0,2599.0
dell,14.0,256.0,16.0,988.99
lenovo,12.5,128.0,4.0,899.99
dell,17.3,512.0,64.0,2051.37
dell,15.6,256.0,16.0,843.99
dell,11.6,256.0,8.0,1012.84
dell,15.6,512.0,16.0,1657.99
dell,15.6,512.0,16.0,1102.99
dell,15.6,2000.0,32.0,2498.23
dell,15.6,256.0,16.0,877.99
dell,11.6,512.0,4.0,195.97
hp,15.6,512.0,16.0,1999.0
dell,17.3,1000.0,32.0,2931.99
lenovo,15.6,1000.0,64.0,3999.0
lenovo,14.0,1000.0,24.0,1599.0
lg,14.0,1000.0,16.0,1635.99
dell,15.6,512.0,64.0,1999.0
dell,14.0,2000.0,32.0,2076.4
dell,17.3,2000.0,16.0,1699.0
dell,13.3,256.0,16.0,731.97
lenovo,14.0,256.0,8.0,1059.0
dell,14.0,512.0,16.0,1354.99
dell,13.3,512.0,16.0,1540.99
lenovo,13.0,512.0,32.0,2729.0
lenovo,17.3,512.0,32.0,2273.0
dell,15.6,512.0,8.0,1703.99
samsung,15.6,1000.0,16.0,2388.42
alienware,15.6,1000.0,16.0,1799.95
dell,13.3,1000.0,8.0,756.99
dell,16.0,512.0,16.0,702.99
lenovo,14.0,256.0,8.0,374.99
lenovo,13.3,256.0,8.0,859.0
dell,15.6,1000.0,32.0,678.08
dell,14.0,512.0,16.0,841.99
dell,15.6,512.0,16.0,1347.47
dell,13.3,256.0,16.0,730.99
dell,14.0,1000.0,16.0,941.99
lenovo,15.6,1000.0,32.0,2603.0
dell,15.6,256.0,8.0,976.99
dell,15.6,1000.0,32.0,1599.95
dell,13.4,2000.0,32.0,1350.99
lenovo,15.6,1000.0,24.0,1094.99
dell,15.6,512.0,16.0,1399.95
dell,14.0,32.0,32.0,880.62
dell,14.0,512.0,16.0,800.19
dell,14.0,1000.0,64.0,1134.49
lenovo,14.0,512.0,16.0,950.77
razer,15.6,512.0,16.0,3099.0
dell,15.6,256.0,8.0,628.99
hp,14.0,512.0,1.0,1194.77
dell,14.0,1000.0,16.0,2086.99
lenovo,15.6,512.0,16.0,2699.0
dell,15.6,512.0,16.0,1799.0
lenovo,17.3,128.0,8.0,686.9
asus,15.6,1000.0,16.0,1999.99
dell,16.0,1000.0,32.0,925.99
dell,15.6,512.0,16.0,1799.81
dell,15.6,1000.0,8.0,725.0
dell,17.3,1000.0,64.0,3157.99
dell,15.6,512.0,16.0,1499.95
asus,14.0,512.0,8.0,1099.0
hp,17.3,1000.0,64.0,5598.29
lenovo,14.0,1000.0,16.0,979.99
lenovo,15.6,512.0,8.0,599.0
dell,13.3,256.0,8.0,683.99
lenovo,14.0,512.0,16.0,695.77
lenovo,16.0,512.0,16.0,1799.0
dell,17.3,1000.0,16.0,2395.0
acer,15.6,32.0,4.0,258.9
dell,15.6,1000.0,32.0,1038.28
asus,15.6,1000.0,32.0,2099.99
dell,16.0,1000.0,32.0,765.11
lenovo,13.3,256.0,8.0,1399.99
dell,15.6,1000.0,32.0,1805.99
dell,15.6,512.0,8.0,1012.99
dell,15.6,512.0,16.0,1068.99
dell,13.3,512.0,8.0,839.99
lenovo,14.0,256.0,16.0,1220.99
dell,14.0,1000.0,32.0,1773.99
dell,15.6,2000.0,32.0,1031.99
lenovo,15.6,1000.0,64.0,3199.0
dell,16.0,512.0,32.0,911.99
dell,15.6,256.0,8.0,919.99
dell,13.3,256.0,16.0,692.99
hp,15.6,512.0,32.0,2699.0
dell,13.3,512.0,16.0,1275.81
rokc,14.0,512.0,12.0,469.99
hp,13.3,512.0,16.0,1341.77
dell,15.6,256.0,16.0,1690.99
msi,14.0,512.0,16.0,936.79
msi,15.6,1000.0,32.0,2699.0
dell,15.6,512.0,32.0,1424.99
dell,17.3,1000.0,32.0,2220.99
dell,14.0,256.0,16.0,956.99
lenovo,14.0,256.0,8.0,699.99
hp,14.0,512.0,4.0,339.0
dell,13.3,512.0,8.0,963.72
dell,13.3,512.0,16.0,1102.99
dell,15.6,1000.0,32.0,677.99
dell,15.6,256.0,8.0,368.98
apple,16.2,4000.0,64.0,4888.99
dell,17.3,512.0,32.0,1744.99
lenovo,11.6,512.0,4.0,369.0
dell,15.6,1000.0,32.0,2999.0
dell,17.0,2000.0,64.0,3377.99
hp,15.6,1000.0,6.0,399.0
hp,15.6,512.0,16.0,1296.0
dell,13.0,512.0,16.0,1999.0
dell,13.3,512.0,16.0,1699.0
dell,15.6,1000.0,64.0,1786.59
dell,14.0,1000.0,32.0,1929.95
dell,18.0,1000.0,16.0,2214.99
dell,14.0,2000.0,64.0,1689.99
hp,14.0,512.0,16.0,2425.99
lenovo,14.0,512.0,16.0,1099.0
dell,17.0,512.0,16.0,2460.15
hp,16.0,1000.0,32.0,2759.0
dell,15.6,512.0,8.0,1293.59
dell,16.0,1000.0,16.0,1799.0
hp,11.6,512.0,2.0,228.0
dell,15.6,1000.0,32.0,1799.95
hp,15.6,1000.0,64.0,2499.0
dell,18.0,1000.0,32.0,2340.99
hp,13.3,256.0,16.0,2499.0
dell,13.0,256.0,16.0,1030.99
hp,15.6,512.0,8.0,1699.0
dell,17.3,256.0,16.0,1657.21
msi,15.6,512.0,16.0,928.68
dell,14.0,1000.0,64.0,3239.89
dell,15.6,512.0,16.0,751.06
asus,14.0,512.0,16.0,1799.0
dell,17.3,1000.0,32.0,3298.0
lenovo,14.0,256.0,8.0,949.0
dell,11.6,256.0,16.0,1159.95
lenovo,13.3,512.0,16.0,1799.0
dell,13.3,256.0,8.0,658.99
dell,14.0,512.0,16.0,787.99
dell,14.0,512.0,16.0,2508.39
hp,13.3,256.0,8.0,1399.0
dell,17.3,1000.0,32.0,1799.95
dell,15.6,512.0,16.0,1790.16
dell,15.6,1000.0,64.0,753.11
dell,15.6,1000.0,16.0,1169.77
dell,15.6,256.0,8.0,533.02
lenovo,14.0,256.0,4.0,750.0
dell,13.4,512.0,32.0,1799.0
hp,16.0,256.0,16.0,1764.96
hp,16.0,2000.0,16.0,1899.0
hp,15.6,512.0,12.0,470.04
dell,13.3,512.0,8.0,730.99
dell,15.6,512.0,16.0,412.98
hp,13.3,256.0,8.0,929.0
acer,15.6,1000.0,16.0,1829.99
dell,14.0,256.0,8.0,672.99
hp,14.0,512.0,16.0,2799.0
dell,15.6,1000.0,32.0,4000.0
asus,15.6,1000.0,16.0,2299.0
hp,12.5,1000.0,16.0,322.98
msi,17.3,1000.0,32.0,3399.0
lenovo,15.6,1000.0,64.0,3799.0
acer,15.6,256.0,8.0,1399.0
dell,13.3,256.0,16.0,843.99
dell,15.6,256.0,8.0,877.99
dell,15.6,1024.0,32.0,1429.99
dell,17.3,1000.0,32.0,1778.99
dell,15.6,512.0,16.0,943.69
dell,18.0,1000.0,64.0,2925.65
lenovo,14.0,500.0,4.0,377.91
dell,17.3,1000.0,64.0,3182.99
dell,16.0,2000.0,8.0,1421.99
dell,17.3,2000.0,64.0,3329.99
asus,15.6,512.0,8.0,1999.0
dell,15.6,1000.0,16.0,649.99
rokc,15.6,640.0,20.0,389.99
dell,14.0,512.0,16.0,823.99
dell,18.0,512.0,64.0,2693.24
dell,15.6,2000.0,64.0,3034.99
dell,14.0,256.0,16.0,1056.99
hp,14.0,1000.0,16.0,319.98
lenovo,16.0,1000.0,16.0,1304.1
asus,17.3,1000.0,16.0,3399.0
dell,14.0,256.0,8.0,1499.0
dell,14.0,256.0,8.0,899.95
dell,15.6,1000.0,32.0,975.0
hp,15.6,1000.0,16.0,2199.0
dell,15.6,256.0,16.0,1162.99
hp,15.6,512.0,16.0,1462.07
dell,16.0,1000.0,16.0,2720.99
dell,14.0,512.0,32.0,1009.99
asus,15.6,512.0,8.0,1199.0
dell,14.0,1000.0,64.0,1470.99
dell,15.6,256.0,16.0,508.99
hp,16.0,1000.0,16.0,1351.42
hp,14.0,32.0,4.0,473.22
dell,15.6,512.0,32.0,1764.99
dell,15.6,1000.0,16.0,919.99
dell,15.6,4000.0,64.0,2828.99
dell,13.3,256.0,8.0,680.0
dell,15.6,512.0,16.0,2500.0
dell,15.6,500.0,8.0,959.99
lg,16.0,1000.0,16.0,1299.99
dell,16.0,512.0,32.0,1599.0
lenovo,13.3,256.0,8.0,800.0
dell,13.3,512.0,8.0,1087.37
dell,13.0,128.0,16.0,1568.39
msi,15.6,512.0,16.0,1299.0
dell,14.0,512.0,32.0,1513.99
dell,15.6,512.0,16.0,975.99
dell,16.0,1000.0,32.0,1681.34
dell,13.3,2000.0,32.0,1074.99
acer,15.6,512.0,16.0,3399.0
dell,15.6,256.0,12.0,981.99
dell,13.3,512.0,16.0,1273.99
dell,17.3,2000.0,32.0,2359.99
dell,13.3,1000.0,32.0,966.99
lenovo,15.6,512.0,16.0,749.95
dell,15.6,1000.0,32.0,1499.0
dell,15.6,2000.0,64.0,2376.99
dell,17.3,2000.0,64.0,3140.99
hp,17.3,2000.0,64.0,2719.0
msi,15.6,1000.0,16.0,1799.0
dell,15.6,512.0,16.0,2192.99
dell,15.6,128.0,4.0,334.99
msi,15.6,1000.0,16.0,2199.0
lenovo,15.6,512.0,8.0,714.0
asus,15.6,512.0,16.0,3499.99
acer,13.3,64.0,4.0,209.99
alienware,13.3,512.0,16.0,1649.95
dell,17.0,512.0,32.0,2188.3
dell,14.0,1000.0,64.0,959.99
dell,14.0,512.0,16.0,1195.0
dell,14.0,256.0,16.0,1725.99
dell,15.6,1000.0,32.0,3395.19
lenovo,14.0,512.0,16.0,869.99
dell,14.0,256.0,8.0,724.99
dell,14.0,512.0,16.0,1681.96
dell,15.6,256.0,8.0,1385.56
dell,13.3,256.0,16.0,1299.99
dell,14.0,2000.0,32.0,1599.0
dell,14.0,1000.0,16.0,1222.99
dell,14.0,256.0,16.0,980.99
dell,17.3,512.0,32.0,1744.99
hp,14.0,2000.0,64.0,2249.99
dell,13.3,1000.0,8.0,1199.81
dell,15.6,2000.0,16.0,1853.99
dell,13.3,256.0,16.0,1493.99
dell,14.0,512.0,16.0,2099.0
dell,15.6,1000.0,8.0,899.81
dell,14.0,512.0,8.0,899.99
lenovo,15.6,256.0,8.0,550.0
lenovo,14.0,512.0,16.0,1049.0
dell,15.6,2000.0,64.0,1799.81
hp,11.6,256.0,8.0,657.24
dell,13.4,1000.0,16.0,1304.99
lenovo,14.0,256.0,16.0,1339.24
dell,15.6,4000.0,64.0,2622.99
acer,14.0,256.0,16.0,925.0
lenovo,14.0,512.0,8.0,699.0
dell,15.6,1000.0,64.0,1718.99
lenovo,15.6,512.0,16.0,1799.99
dell,14.0,256.0,16.0,627.99
gigabyte,15.6,512.0,16.0,698.25
dell,14.0,256.0,16.0,1185.77
lenovo,15.6,512.0,16.0,2499.0
asus,15.6,500.0,4.0,380.09
dell,13.3,256.0,8.0,783.16
dell,14.0,256.0,16.0,1299.95
dell,14.0,512.0,16.0,1985.86
lg,17.0,256.0,8.0,1099.0
dell,13.3,256.0,16.0,807.99
dell,14.0,256.0,16.0,1050.66
toughbook,10.1,256.0,8.0,508.74
dell,14.0,512.0,32.0,1238.73
dell,15.6,1000.0,32.0,1680.99
dell,16.0,1000.0,16.0,931.99
dell,16.0,1000.0,64.0,1006.99
dell,14.0,512.0,8.0,633.99
dell,17.3,512.0,32.0,2891.99
dell,13.0,256.0,16.0,749.99
dell,15.6,256.0,8.0,1299.81
dell,14.0,1000.0,16.0,834.99
dell,15.6,256.0,16.0,579.99
dell,13.3,512.0,16.0,781.99
lenovo,15.6,512.0,16.0,1499.0
lenovo,14.0,256.0,8.0,1999.0
apple,15.6,2000.0,32.0,3699.0
dell,13.3,512.0,16.0,708.99
hp,15.6,512.0,16.0,979.0
dell,14.1,512.0,8.0,389.0
dell,14.0,256.0,16.0,524.0
lenovo,15.6,256.0,16.0,422.0
dell,14.0,2000.0,64.0,1381.99
hp,13.3,1000.0,16.0,2499.0
hp,13.3,512.0,16.0,2299.0
dell,14.0,1000.0,32.0,877.99
lenovo,14.0,512.0,16.0,1102.77
dell,15.6,512.0,16.0,1169.81
dell,16.0,2000.0,32.0,989.99
dell,17.0,2000.0,64.0,3378.36
lenovo,14.0,500.0,8.0,399.0
dell,17.3,1000.0,32.0,2799.95
dell,15.6,2000.0,16.0,1752.99
dell,17.0,512.0,32.0,2599.0
dell,15.6,512.0,16.0,1005.99
dell,14.0,512.0,16.0,959.99
msi,15.6,512.0,64.0,6000.0
dell,15.6,2000.0,16.0,2940.99
hp,15.0,1000.0,32.0,1299.0
dell,15.6,512.0,8.0,210.0
hp,15.6,1000.0,64.0,4999.0
dell,13.3,256.0,8.0,999.0
dell,13.3,256.0,8.0,899.81
lenovo,15.6,512.0,16.0,1047.99
asus,13.3,512.0,16.0,1299.0
dell,15.6,4000.0,64.0,3116.99
dell,15.6,256.0,16.0,877.99
dell,13.3,512.0,8.0,1217.99
hp,16.1,2000.0,32.0,2299.0
dell,15.0,256.0,16.0,1359.99
dell,17.0,1000.0,32.0,3130.48
dell,13.4,512.0,16.0,1041.99
hp,15.6,512.0,16.0,1999.0
dell,15.6,512.0,16.0,1661.99
hp,13.3,512.0,16.0,2499.0
lenovo,14.0,512.0,16.0,835.99
dell,15.6,1000.0,64.0,2860.99
dell,14.0,1000.0,16.0,847.99
dell,16.0,1000.0,16.0,853.99
hp,11.6,128.0,8.0,218.98
dell,14.0,2000.0,32.0,1328.99
lenovo,15.6,1000.0,16.0,2229.07
gigabyte,15.6,512.0,16.0,1749.0
dell,13.0,512.0,16.0,764.99
dell,17.0,1000.0,32.0,1778.99
lenovo,15.6,500.0,16.0,377.3
hp,15.6,512.0,16.0,899.0
lenovo,15.0,512.0,8.0,589.97
dell,17.3,2000.0,64.0,2815.3
dell,15.0,1000.0,32.0,973.99
dell,15.6,1000.0,32.0,2061.99
hp,16.0,512.0,16.0,1695.41
acer,11.6,32.0,4.0,529.53
dell,13.4,2000.0,32.0,1350.99
dell,15.6,500.0,4.0,260.0
dell,15.6,1000.0,16.0,1386.99
hp,13.5,512.0,16.0,2199.0
dell,13.0,256.0,16.0,999.99
dell,15.6,512.0,16.0,1303.23
dell,14.0,512.0,32.0,2699.95
dell,14.0,512.0,32.0,1783.99
dell,15.6,1000.0,64.0,2616.99
lenovo,15.6,256.0,8.0,1033.23
dell,15.6,1000.0,16.0,888.99
msi,15.6,32.0,32.0,2699.0
lg,15.6,512.0,8.0,1349.0
lenovo,15.6,256.0,8.0,1188.2
msi,16.0,1000.0,16.0,1979.0
dell,15.6,1000.0,16.0,1999.0
dell,15.0,256.0,8.0,860.99
lenovo,13.9,256.0,8.0,359.91
dell,14.0,512.0,16.0,799.99
dell,15.6,2000.0,32.0,2393.99
dell,14.0,1000.0,32.0,1599.99
dell,14.0,512.0,16.0,913.99
dell,14.0,512.0,32.0,998.99
dell,15.6,512.0,16.0,2753.99
dell,14.0,512.0,16.0,915.99
dell,14.0,512.0,16.0,801.99
dell,15.6,1000.0,32.0,2499.95
alienware,15.6,1000.0,8.0,999.95
dell,15.6,256.0,16.0,399.0
alienware,15.6,512.0,16.0,1199.95
dell,13.3,256.0,8.0,1499.0
dell,14.0,512.0,16.0,2499.0
lenovo,15.6,512.0,16.0,1999.0
dell,12.5,500.0,4.0,715.98
dell,14.0,512.0,8.0,669.0
dell,15.6,500.0,8.0,292.9
hp,13.3,128.0,8.0,399.99
samsung,11.6,16.0,2.0,169.0
asus,15.6,1000.0,16.0,1999.0
hp,14.0,512.0,16.0,999.9
lenovo,15.6,512.0,16.0,1798.95
asus,15.6,1000.0,16.0,2299.0
dell,14.0,256.0,8.0,764.99
dell,14.0,512.0,16.0,1182.71
dell,13.3,256.0,16.0,1799.0
hp,17.3,500.0,16.0,401.98
asus,12.5,256.0,8.0,999.0
dell,13.3,1000.0,16.0,797.99
hp,13.0,512.0,8.0,1099.0
lenovo,15.6,128.0,8.0,499.99
asus,15.6,256.0,8.0,1699.0
dell,15.6,1000.0,16.0,797.99
asus,15.6,512.0,12.0,1499.0
dell,14.0,256.0,8.0,289.95
dell,15.6,512.0,16.0,1637.99
dell,15.6,256.0,16.0,1465.99
lenovo,16.0,1000.0,32.0,2795.4
dell,13.3,512.0,16.0,2099.0
dell,17.0,512.0,16.0,2145.99
hp,16.0,256.0,16.0,1646.99
dell,17.0,2000.0,64.0,3423.99
dell,17.3,1000.0,32.0,2614.99
gigabyte,15.6,1000.0,32.0,2399.0
msi,15.6,512.0,16.0,1999.0
alienware,17.3,512.0,16.0,2499.0
asus,13.3,256.0,16.0,1499.0
dell,15.6,1000.0,16.0,1699.0
dell,14.0,512.0,16.0,1472.99
hp,15.6,64.0,8.0,289.99
dell,14.0,1000.0,16.0,1796.99
dell,15.6,512.0,16.0,943.69
rokc,13.3,1000.0,16.0,749.99
dell,14.0,512.0,8.0,789.42
dell,13.4,512.0,16.0,1647.3
hp,17.3,512.0,12.0,713.49
acer,15.6,2048.0,64.0,1086.16
dell,15.6,1000.0,16.0,1828.44
dell,17.0,512.0,16.0,2461.99
dell,15.6,2000.0,32.0,1037.99
dell,14.0,256.0,8.0,928.99
dell,15.6,2000.0,32.0,1038.28
dell,15.6,1000.0,32.0,2432.42
dell,15.6,2000.0,32.0,1409.99
dell,15.6,1000.0,32.0,739.99
dell,14.0,2000.0,64.0,3229.22
msi,17.3,1000.0,16.0,1999.0
dell,17.0,4000.0,64.0,3785.54
hp,14.0,1000.0,16.0,2799.0
dell,15.6,2000.0,16.0,2420.17
dell,15.6,1000.0,8.0,885.99
dell,13.4,1000.0,32.0,1865.99
dell,15.6,2000.0,64.0,1021.99
dell,17.3,2000.0,64.0,3291.99
toughbook,10.1,256.0,8.0,1999.0
microsoft,12.4,256.0,8.0,689.99
dell,15.6,2000.0,16.0,2492.99
dell,15.6,256.0,32.0,910.99
lenovo,15.6,512.0,8.0,549.99
dell,17.3,1000.0,64.0,3097.99
dell,15.6,1000.0,32.0,3080.99
dell,15.6,512.0,64.0,1751.99
dell,15.6,2000.0,32.0,2872.99
dell,17.3,1000.0,16.0,2004.99
dell,13.3,512.0,16.0,900.89
hp,15.6,1000.0,20.0,889.99
dell,17.3,1000.0,32.0,2808.99
dell,17.3,512.0,32.0,3461.33
dell,17.0,512.0,16.0,1929.99
dell,17.0,1000.0,16.0,2178.99
dell,15.6,512.0,32.0,1999.99
dell,13.0,128.0,16.0,1606.99
lenovo,15.6,512.0,8.0,290.98
acer,15.6,1000.0,16.0,1729.98
hp,15.6,500.0,4.0,449.99
razer,15.6,512.0,16.0,3299.99
hp,13.3,512.0,8.0,1899.0
samsung,11.6,512.0,4.0,289.0
lenovo,15.6,512.0,12.0,499.0
lenovo,14.0,32.0,2.0,239.0
dell,11.6,32.0,4.0,299.0
alienware,17.0,512.0,16.0,1699.95
asus,17.3,1000.0,16.0,2299.0
dell,15.6,1000.0,8.0,799.0
dell,15.6,256.0,8.0,1499.81
hp,15.6,512.0,16.0,1999.0
alienware,15.6,128.0,16.0,1599.95
asus,15.6,256.0,8.0,1399.0
lenovo,12.5,128.0,8.0,419.0
acer,15.6,256.0,8.0,659.98
dell,15.6,1000.0,16.0,1373.29
msi,17.3,32.0,32.0,4299.0
dell,17.0,1000.0,32.0,2897.0
acer,15.6,128.0,4.0,415.98
alienware,15.6,1000.0,16.0,2099.0
dell,15.6,256.0,16.0,849.95
lenovo,11.6,32.0,32.0,320.0
acer,15.6,256.0,8.0,511.92
msi,15.6,512.0,16.0,2399.0
lenovo,15.6,1000.0,8.0,458.8
hp,14.0,128.0,4.0,439.0
asus,17.3,1000.0,16.0,1999.0
lenovo,11.6,128.0,8.0,224.99
asus,13.9,512.0,16.0,1699.0
apple,15.4,256.0,16.0,1649.95
acer,14.0,128.0,4.0,419.98
lenovo,15.6,512.0,32.0,2499.0
asus,14.0,512.0,16.0,1599.0
acer,15.6,128.0,4.0,429.98
hp,15.6,512.0,16.0,1999.0
hp,15.6,1000.0,16.0,2399.0
asus,15.6,512.0,16.0,2399.0
acer,14.0,128.0,4.0,405.98
lenovo,15.6,1000.0,32.0,2299.0
apple,13.0,128.0,8.0,1248.0
hp,15.6,1000.0,16.0,1299.0
dell,13.3,128.0,8.0,724.81
lenovo,15.6,512.0,8.0,659.9
asus,15.6,256.0,8.0,1499.0
lenovo,14.0,512.0,8.0,499.0
hp,27.0,512.0,16.0,1999.99
dell,15.6,1000.0,32.0,1799.81
dell,15.6,256.0,32.0,745.99
lenovo,10.0,512.0,8.0,495.0
lenovo,15.6,512.0,16.0,2299.0
hp,15.6,128.0,8.0,429.99
dell,17.0,512.0,32.0,2902.9
dell,17.0,2000.0,64.0,4274.55
dell,15.6,1000.0,16.0,1071.0
dell,15.6,512.0,64.0,1799.09
dell,17.0,1000.0,16.0,3164.87
dell,16.0,1000.0,64.0,2270.21
dell,17.0,512.0,16.0,2528.85
dell,16.0,1000.0,40.0,1281.52
dell,17.0,512.0,32.0,2624.08
dell,18.0,512.0,32.0,3072.76
dell,17.0,1000.0,64.0,3378.36
dell,14.0,512.0,16.0,1552.3
dell,16.0,1000.0,16.0,2528.9
dell,15.6,1000.0,32.0,1996.29
dell,16.0,1000.0,24.0,1251.66
dell,15.6,2000.0,32.0,1032.65
dell,14.0,1000.0,32.0,1670.17
dell,14.0,1000.0,16.0,1066.53
dell,14.0,256.0,8.0,577.49
dell,14.0,1000.0,16.0,871.03
dell,15.6,1000.0,64.0,2302.48
dell,14.0,256.0,16.0,1312.82
dell,15.6,2000.0,32.0,2548.37
dell,15.6,128.0,4.0,1898.56
dell,17.3,512.0,64.0,3376.64
dell,14.0,256.0,8.0,633.42
dell,13.3,1000.0,32.0,1715.63
dell,13.3,1000.0,4.0,554.04
dell,17.3,512.0,16.0,2817.15
dell,18.0,1000.0,32.0,2200.53
dell,14.0,512.0,32.0,997.74
dell,15.6,2000.0,32.0,2548.37
dell,15.6,1000.0,64.0,2161.58
dell,13.3,1000.0,32.0,1535.1
dell,14.0,256.0,16.0,1420.42
dell,17.3,2000.0,64.0,3378.36
dell,16.0,1000.0,16.0,1782.43
dell,16.0,1000.0,16.0,1811.42
dell,15.6,1000.0,64.0,1786.59
dell,13.3,256.0,32.0,1944.65
dell,14.0,256.0,32.0,1589.67
dell,16.0,2000.0,40.0,1366.7
dell,18.0,512.0,16.0,2994.02
dell,14.0,1000.0,32.0,1774.79
dell,15.6,1000.0,64.0,3417.95
dell,15.6,512.0,32.0,953.82
dell,17.3,512.0,32.0,2815.3
dell,15.6,1000.0,16.0,968.87
dell,16.0,1000.0,16.0,6000.0
dell,17.3,1000.0,32.0,2815.3
dell,15.6,256.0,16.0,788.28
dell,14.0,256.0,16.0,934.67
dell,14.0,256.0,32.0,1096.11
dell,14.0,512.0,32.0,1341.23
dell,14.0,512.0,32.0,1238.73
dell,17.0,512.0,16.0,2293.45
dell,15.6,1000.0,16.0,1296.33
dell,15.6,1000.0,16.0,1493.99
dell,17.3,1000.0,32.0,2815.3
dell,17.0,32.0,128.0,4618.9
dell,16.0,512.0,24.0,1201.13
dell,16.0,512.0,16.0,1168.52
dell,17.0,1000.0,64.0,2815.3
dell,17.0,4000.0,128.0,4736.68
dell,17.0,2000.0,64.0,4779.89
dell,15.6,1000.0,16.0,2440.56
dell,16.0,512.0,16.0,1168.52
dell,16.0,4000.0,40.0,1519.14
dell,17.0,2000.0,64.0,2691.43
dell,16.0,1000.0,24.0,1246.6
dell,18.0,1000.0,64.0,3184.81
dell,16.0,1000.0,40.0,1297.89
dell,15.6,512.0,16.0,1278.6
dell,13.4,1000.0,16.0,1558.96
dell,14.0,512.0,16.0,1230.13
dell,17.0,512.0,16.0,2815.3
dell,17.3,512.0,64.0,3346.83
dell,15.6,256.0,8.0,672.21
dell,14.0,256.0,16.0,1345.97
dell,16.0,512.0,24.0,1201.13
dell,18.0,4000.0,64.0,3600.31
dell,13.3,512.0,8.0,2031.8
dell,15.6,512.0,32.0,2134.2
dell,18.0,2000.0,64.0,2728.74
dell,13.3,512.0,32.0,1507.9
dell,17.3,1000.0,64.0,3431.25
dell,13.3,256.0,16.0,1052.58
dell,16.0,4000.0,40.0,1513.5
dell,15.6,1000.0,64.0,2617.36
dell,15.6,128.0,8.0,2467.69
dell,13.0,512.0,16.0,1341.66
dell,16.0,512.0,16.0,1168.52
dell,16.0,512.0,16.0,961.9
dell,15.6,2000.0,64.0,3466.81
dell,16.0,2000.0,40.0,1359.21
dell,17.0,2000.0,64.0,4779.89
dell,16.0,1000.0,24.0,1244.23
dell,18.0,4000.0,32.0,3133.16
dell,16.0,512.0,24.0,1193.72
dell,15.6,128.0,64.0,736.85
dell,15.6,2000.0,32.0,796.78
dell,15.6,2000.0,64.0,822.44
dell,15.6,256.0,32.0,673.09
dell,15.6,512.0,32.0,689.33
dell,15.6,128.0,16.0,903.92
dell,15.6,8000.0,16.0,1815.25
dell,15.6,2000.0,64.0,3402.13
dell,15.6,1000.0,32.0,1902.99
dell,15.6,2000.0,16.0,1823.99
dell,15.6,2000.0,16.0,715.58
dell,15.6,512.0,8.0,928.99
dell,14.0,1000.0,8.0,841.21
dell,15.6,8000.0,16.0,2956.99
dell,15.6,512.0,64.0,2567.99
dell,15.6,2000.0,64.0,814.33
dell,15.6,2000.0,8.0,694.33
dell,15.6,8000.0,32.0,4399.64
dell,15.6,1000.0,16.0,948.19
dell,15.6,256.0,16.0,1623.99
dell,14.0,512.0,16.0,1186.99
dell,15.6,256.0,16.0,645.61
dell,14.0,2000.0,16.0,1290.99
dell,15.6,1000.0,32.0,1806.99
dell,15.6,512.0,64.0,715.99
dell,15.6,512.0,16.0,1763.99
dell,15.6,4000.0,64.0,2109.99
dell,15.6,4000.0,8.0,910.99
dell,15.6,512.0,16.0,1770.99
dell,15.6,128.0,16.0,634.37
dell,14.0,256.0,16.0,1733.99
dell,15.6,256.0,8.0,2337.99
dell,15.6,4000.0,16.0,926.65
dell,15.6,2000.0,16.0,999.99
dell,15.6,512.0,16.0,1715.99
dell,15.6,8000.0,64.0,2020.26
dell,14.0,512.0,8.0,1620.93
dell,14.0,512.0,32.0,2301.99
dell,15.6,256.0,8.0,595.35
dell,15.6,512.0,32.0,1764.99
dell,15.6,4000.0,64.0,2230.99
dell,15.6,512.0,64.0,1885.99
dell,15.6,6000.0,64.0,1790.48
dell,15.6,2000.0,16.0,755.61
dell,15.6,2000.0,32.0,2020.99
dell,15.6,256.0,16.0,878.37
dell,14.0,512.0,8.0,807.99
dell,15.6,8000.0,64.0,2025.89
dell,14.0,512.0,8.0,801.99
dell,14.0,512.0,16.0,807.99
dell,13.3,1000.0,32.0,1670.99
dell,15.6,2000.0,32.0,2547.99
dell,14.0,256.0,32.0,1015.99
dell,15.6,4000.0,8.0,911.74
dell,15.6,512.0,32.0,959.45
dell,15.6,512.0,64.0,763.99
dell,15.6,512.0,32.0,1811.99
dell,15.6,2000.0,64.0,865.7
dell,15.6,8000.0,32.0,1847.31
dell,15.6,2000.0,16.0,1816.99
dell,14.0,1000.0,16.0,834.99
dell,15.6,2000.0,32.0,1038.28
dell,15.6,8000.0,32.0,1920.04
dell,14.0,1000.0,32.0,1515.99
dell,15.6,8000.0,32.0,3004.99
dell,15.6,1000.0,32.0,993.99
dell,15.6,6000.0,32.0,1703.28
dell,15.6,2000.0,16.0,767.11
dell,15.6,1000.0,32.0,827.99
dell,14.0,2000.0,8.0,880.99
dell,15.6,8000.0,16.0,2948.99
dell,15.6,4000.0,16.0,2445.99
dell,15.6,500.0,16.0,619.39
dell,14.0,2000.0,32.0,1137.99
dell,15.6,4000.0,32.0,2494.99
dell,15.6,512.0,16.0,1015.99
dell,15.6,512.0,32.0,1819.99
lenovo,14.0,2000.0,4.0,679.99
dell,15.6,2000.0,32.0,1872.99
dell,15.6,256.0,8.0,573.24
dell,14.0,256.0,32.0,1011.25
dell,15.6,512.0,32.0,2128.99
dell,14.0,512.0,16.0,807.99
dell,14.0,256.0,32.0,1011.25
dell,15.6,4000.0,64.0,1324.31
dell,15.6,256.0,8.0,844.58
dell,15.6,256.0,64.0,736.85
dell,15.6,512.0,4.0,1574.99
dell,15.6,4000.0,64.0,1031.24
dell,15.6,1000.0,16.0,1860.99
dell,15.6,2000.0,64.0,1993.99
dell,14.0,1000.0,16.0,969.99
dell,15.6,1000.0,8.0,931.3
dell,15.6,1000.0,32.0,820.99
dell,15.6,2000.0,8.0,977.47
dell,15.6,2000.0,32.0,742.99
dell,13.3,1000.0,8.0,803.99
dell,14.0,1000.0,32.0,1091.99
dell,14.0,1000.0,16.0,1229.99
dell,15.6,512.0,32.0,2446.99
dell,14.0,256.0,16.0,3458.99
dell,15.6,1000.0,16.0,2439.99
dell,15.6,2000.0,64.0,877.88
dell,15.6,512.0,16.0,1672.99
dell,15.6,1000.0,16.0,953.82
dell,13.3,2000.0,16.0,880.99
dell,15.6,512.0,64.0,776.54
dell,16.0,2000.0,48.0,1419.99
dell,15.6,2000.0,64.0,1132.87
dell,15.6,512.0,16.0,898.64
dell,14.0,256.0,16.0,764.99
dell,13.3,256.0,16.0,839.99
dell,15.6,128.0,16.0,878.37
dell,15.6,2000.0,64.0,876.99
dell,15.6,8000.0,64.0,3021.99
dell,15.6,256.0,8.0,1655.99
dell,15.6,1000.0,64.0,810.28
dell,15.6,512.0,8.0,600.68
dell,15.6,512.0,16.0,915.52
dell,15.6,512.0,64.0,716.83
dell,15.6,4000.0,64.0,2126.99
dell,15.6,256.0,32.0,1605.99
dell,15.6,4000.0,16.0,1180.17
dell,15.6,512.0,16.0,1102.99
dell,15.6,512.0,8.0,658.99
dell,15.6,512.0,32.0,700.58
dell,15.6,512.0,32.0,1703.99
dell,13.3,1000.0,16.0,834.99
dell,14.0,256.0,12.0,602.47
dell,15.6,512.0,16.0,613.99
dell,13.3,256.0,8.0,595.99
dell,15.6,2000.0,32.0,1032.65
dell,15.6,256.0,16.0,878.37
dell,14.0,1000.0,16.0,840.99
dell,14.0,512.0,16.0,801.99
dell,14.0,2000.0,16.0,886.99
dell,14.0,256.0,8.0,1122.99
dell,14.0,512.0,16.0,1179.99
dell,15.6,8000.0,32.0,1925.66
dell,15.6,256.0,32.0,614.4
dell,14.0,256.0,8.0,765.75
dell,13.3,256.0,8.0,739.99
dell,13.3,512.0,16.0,900.89
dell,15.6,256.0,32.0,916.66
dell,15.6,512.0,16.0,923.99
dell,15.6,512.0,16.0,921.16
dell,15.6,256.0,16.0,844.58
hp,15.6,512.0,16.0,1049.0
dell,15.6,512.0,32.0,688.99
dell,14.0,256.0,16.0,764.99
dell,15.6,4000.0,32.0,2005.99
dell,15.6,512.0,64.0,775.99
dell,14.0,2000.0,16.0,880.99
dell,15.6,512.0,32.0,2860.99
dell,13.3,256.0,8.0,576.99
dell,15.6,512.0,4.0,891.88
dell,15.6,2000.0,32.0,877.99
dell,15.6,8000.0,16.0,4000.07
dell,15.6,256.0,64.0,735.99
dell,17.0,512.0,16.0,2501.99
dell,16.0,1000.0,16.0,1459.0
dell,13.3,512.0,16.0,730.99
dell,15.6,128.0,64.0,735.99
dell,15.6,512.0,16.0,1620.99
dell,15.6,2000.0,16.0,1038.28
dell,15.6,8000.0,64.0,1933.99
dell,15.6,256.0,32.0,2407.99
dell,15.6,1000.0,64.0,1941.99
dell,15.6,1000.0,64.0,2030.99
dell,15.6,2000.0,32.0,1038.28
dell,15.6,2000.0,64.0,2389.13
dell,15.6,2000.0,16.0,994.35
dell,14.0,2000.0,32.0,1552.99
dell,15.6,128.0,32.0,660.99
dell,15.6,1000.0,64.0,758.99
dell,15.6,2000.0,16.0,754.99
dell,15.6,500.0,16.0,618.99
dell,15.6,1000.0,16.0,790.99
dell,14.0,256.0,16.0,764.99
dell,14.0,1000.0,8.0,840.99
dell,15.6,512.0,32.0,773.99
dell,15.6,512.0,8.0,648.11
dell,15.6,512.0,4.0,1574.99
dell,14.0,512.0,32.0,3820.99
dell,14.0,256.0,32.0,841.99
dell,14.0,256.0,16.0,1751.99
dell,15.6,4000.0,16.0,3042.79
dell,15.6,512.0,12.0,889.99
lenovo,14.0,4000.0,16.0,1559.0
dell,15.6,512.0,16.0,988.99
dell,14.0,128.0,16.0,764.99
dell,14.0,512.0,16.0,807.99
dell,13.3,512.0,8.0,863.99
dell,14.0,512.0,32.0,1053.99
dell,15.6,2000.0,64.0,813.99
dell,15.6,2000.0,64.0,1138.5
dell,15.6,512.0,16.0,915.52
dell,15.6,2000.0,32.0,784.64
dell,15.6,2000.0,16.0,1720.99
dell,15.6,512.0,16.0,1672.99
lenovo,15.6,2000.0,8.0,729.99
dell,14.0,1000.0,64.0,1153.14
dell,13.4,256.0,8.0,1225.99
dell,15.6,128.0,8.0,619.99
dell,14.0,1000.0,32.0,922.99
dell,15.6,512.0,32.0,1556.1
lenovo,14.0,1000.0,16.0,1259.0
dell,15.6,128.0,4.0,1563.99
dell,15.6,1000.0,32.0,2488.99
acer,15.6,2000.0,4.0,759.99
lenovo,16.0,4000.0,16.0,2879.0
dell,16.0,1000.0,32.0,1439.0
dell,15.6,256.0,32.0,613.99
dell,14.0,512.0,16.0,1305.99
dell,15.6,512.0,8.0,1373.99
dell,15.6,2000.0,32.0,1865.99
dell,15.6,512.0,16.0,1763.99
dell,15.6,256.0,32.0,1725.99
dell,15.6,512.0,64.0,1885.99
dell,13.3,256.0,16.0,1367.45
dell,17.0,1000.0,16.0,2253.72
dell,17.3,512.0,16.0,1951.52
dell,15.6,2000.0,16.0,2945.99
dell,13.3,256.0,16.0,991.99
dell,16.0,1000.0,16.0,2807.93
lenovo,16.0,1000.0,31.99,2132.97
dell,14.0,512.0,16.0,699.99
dell,14.0,256.0,32.0,2291.99
dell,18.0,2000.0,32.0,2640.17
dell,15.6,2000.0,16.0,1971.99
dell,15.6,8000.0,16.0,1887.38
dell,15.6,512.0,64.0,764.4
dell,15.6,256.0,4.0,691.99
dell,15.6,512.0,12.0,890.37
dell,15.6,256.0,12.0,852.99
dell,15.6,1000.0,64.0,3335.99
dell,14.0,128.0,8.0,765.75
dell,15.6,512.0,32.0,773.99
dell,15.6,512.0,16.0,1710.99
dell,18.0,2000.0,32.0,2321.99
dell,13.4,512.0,32.0,1720.95
dell,16.0,512.0,8.0,888.99
hp,15.6,512.0,8.0,479.99
dell,15.6,1000.0,32.0,992.1
dell,15.6,1000.0,64.0,1086.71
dell,15.6,2000.0,8.0,618.15
dell,15.6,1000.0,32.0,1702.99
hp,15.6,1000.0,32.0,959.0
dell,15.6,128.0,8.0,1529.99
dell,15.6,1000.0,16.0,936.93
lenovo,13.3,2000.0,16.0,1079.0
dell,18.0,2000.0,32.0,2640.17
dell,15.6,2000.0,32.0,735.59
dell,18.0,512.0,16.0,3163.36
dell,15.6,4000.0,64.0,2912.99
dell,15.6,500.0,64.0,721.83
dell,15.6,512.0,32.0,641.86
dell,15.6,4000.0,16.0,1958.99
dell,15.6,1000.0,16.0,2437.64
dell,14.0,2000.0,64.0,1209.99
dell,15.6,2000.0,16.0,2433.27
dell,15.6,8000.0,64.0,3132.99
dell,15.6,1000.0,64.0,3175.75
dell,17.3,512.0,32.0,2815.3
dell,15.6,2000.0,32.0,3111.99
dell,13.3,512.0,32.0,1621.99
dell,15.6,512.0,32.0,780.99
dell,15.6,512.0,16.0,1620.99
dell,15.6,256.0,8.0,594.99
dell,14.0,256.0,32.0,1015.99
dell,14.0,1000.0,16.0,2104.92
dell,14.0,128.0,4.0,777.02
dell,18.0,1000.0,16.0,2954.63
dell,15.6,1000.0,32.0,683.99
dell,15.6,1000.0,16.0,703.99
dell,15.6,256.0,16.0,1077.99
dell,14.0,512.0,16.0,1327.99
dell,15.6,4000.0,32.0,1218.46
dell,14.0,512.0,32.0,1058.99
dell,15.6,1000.0,16.0,1679.99
dell,15.6,1000.0,16.0,2436.99
dell,13.3,512.0,16.0,1194.99
dell,14.0,512.0,16.0,1621.99
dell,15.6,2000.0,16.0,999.99
dell,15.6,512.0,8.0,1102.99
dell,13.3,512.0,16.0,934.67
dell,14.0,512.0,32.0,1314.99
hp,15.6,1000.0,32.0,809.0
dell,15.6,1000.0,16.0,776.99
dell,14.0,1000.0,16.0,2103.99
dell,16.0,2000.0,64.0,2959.99
dell,14.0,256.0,16.0,1316.99
dell,16.0,512.0,16.0,3007.99
lenovo,14.0,2000.0,16.0,1229.0
lenovo,13.3,512.0,16.0,799.99
dell,17.0,512.0,64.0,2815.3
dell,16.0,512.0,16.0,1161.11
dell,15.6,256.0,16.0,822.99
dell,16.0,4000.0,64.0,3946.44
dell,14.0,256.0,16.0,2550.99
hp,15.6,1000.0,16.0,729.0
dell,15.6,512.0,16.0,981.99
dell,15.6,4000.0,64.0,3447.23
dell,18.0,1000.0,64.0,2713.81
dell,15.6,256.0,64.0,689.33
dell,15.6,512.0,16.0,2572.05
dell,15.6,4000.0,64.0,2622.99
dell,14.0,1000.0,64.0,1265.99
dell,14.0,256.0,16.0,3415.99
dell,15.6,1000.0,32.0,731.83
dell,15.6,1000.0,8.0,936.93
dell,14.0,256.0,16.0,1130.99
dell,15.6,1000.0,32.0,1046.99
dell,15.6,512.0,16.0,1173.01
dell,16.0,2000.0,32.0,3854.66
dell,15.6,4000.0,32.0,2102.99
dell,16.0,1000.0,32.0,3757.54
dell,16.0,512.0,16.0,1210.99
dell,15.6,256.0,12.0,853.82
dell,15.6,256.0,8.0,861.48
dell,15.6,2000.0,16.0,989.85
dell,15.6,4000.0,16.0,2053.99
dell,14.0,1000.0,32.0,1275.99
dell,15.6,2000.0,64.0,1132.87
dell,13.3,256.0,16.0,821.99
dell,15.6,256.0,16.0,2354.99
dell,15.6,2000.0,64.0,2388.99
dell,15.6,1000.0,32.0,1259.0
dell,16.0,1000.0,16.0,1310.99
dell,15.6,512.0,16.0,943.69
dell,15.6,1000.0,16.0,967.99
msi,15.6,2000.0,48.0,1589.0
dell,15.6,1000.0,8.0,931.3
acer,15.6,1000.0,32.0,1559.0
msi,17.3,1000.0,64.0,1849.0
dell,16.0,2000.0,32.0,3854.66
dell,15.6,1000.0,32.0,1909.99
dell,14.0,128.0,4.0,968.99
dell,17.3,1000.0,16.0,2700.99
dell,15.6,512.0,64.0,3287.15
lenovo,13.3,512.0,16.0,949.0
lenovo,16.0,512.0,16.0,1199.99
dell,13.4,1000.0,16.0,1494.62
dell,17.0,1000.0,64.0,3415.99
dell,18.0,1000.0,32.0,2478.32
dell,15.6,4000.0,64.0,2629.99
dell,15.6,1000.0,64.0,1830.99
dell,15.6,2000.0,32.0,743.09
dell,15.6,1000.0,16.0,1661.99
dell,15.6,256.0,4.0,691.99
dell,15.6,8000.0,32.0,4398.99
dell,15.6,256.0,16.0,864.99
dell,13.4,512.0,32.0,1495.99
lenovo,16.0,1000.0,48.0,2459.0
dell,14.0,1000.0,32.0,3869.99
dell,13.3,256.0,16.0,899.99
dell,14.0,1000.0,8.0,840.99
dell,17.3,1000.0,16.0,2410.99
lenovo,15.6,4000.0,12.0,1409.0
dell,15.6,2000.0,64.0,1469.0
dell,17.0,1000.0,32.0,2815.3
dell,15.6,512.0,32.0,953.82
dell,15.6,4000.0,16.0,1185.79
dell,15.6,512.0,16.0,1666.65
dell,15.6,1000.0,8.0,690.58
dell,15.6,4000.0,16.0,1950.99
dell,15.6,1000.0,16.0,619.99
acer,17.3,4000.0,64.0,2049.0
dell,14.0,2000.0,16.0,886.99
dell,15.6,512.0,32.0,699.99
dell,15.6,4000.0,64.0,1318.68
dell,14.0,1000.0,16.0,1267.99
dell,15.6,4000.0,32.0,3329.94
dell,15.6,128.0,4.0,608.33
dell,14.0,256.0,16.0,708.99
dell,14.0,1000.0,16.0,1424.99
dell,15.6,500.0,8.0,599.44
dell,15.6,4000.0,32.0,955.99
dell,14.0,1000.0,16.0,1155.99
dell,15.6,6000.0,16.0,1670.99
dell,15.6,256.0,16.0,2366.99
dell,15.6,512.0,32.0,953.82
dell,14.0,128.0,4.0,1078.99
dell,15.0,512.0,16.0,1046.99
dell,13.3,256.0,16.0,683.99
dell,14.0,512.0,32.0,1125.99
dell,14.0,2000.0,16.0,1328.99
dell,15.6,2000.0,16.0,714.99
dell,17.3,1000.0,32.0,3176.99
dell,15.6,512.0,16.0,2126.99
dell,15.6,512.0,8.0,1584.99
dell,15.6,512.0,8.0,921.99
dell,15.6,256.0,16.0,719.99
dell,15.6,512.0,64.0,2877.06
dell,15.6,2000.0,64.0,821.99
dell,15.6,512.0,16.0,660.99
dell,18.0,1000.0,32.0,2675.28
dell,16.0,512.0,32.0,1989.85
dell,18.0,512.0,16.0,2244.54
dell,15.6,4000.0,32.0,2109.99
dell,15.6,2000.0,32.0,1761.99
dell,14.0,2000.0,16.0,1283.99
dell,14.0,512.0,32.0,1231.99
dell,15.6,512.0,8.0,647.99
dell,16.0,2000.0,16.0,1479.0
dell,14.0,1000.0,16.0,1305.17
dell,16.0,256.0,12.0,739.99
dell,15.6,512.0,32.0,953.82
dell,13.3,256.0,16.0,821.99
dell,14.0,1000.0,32.0,2033.26
asus,17.3,1000.0,24.0,1139.0
lg,16.0,8000.0,32.0,2489.99
dell,16.0,1000.0,32.0,2400.99
dell,15.6,2000.0,32.0,2255.92
dell,15.6,1000.0,16.0,1409.99
dell,17.3,1000.0,64.0,3196.99
dell,14.0,128.0,4.0,2211.99
dell,15.6,512.0,64.0,1059.67
dell,15.6,512.0,16.0,942.99
dell,15.6,256.0,64.0,2535.99
dell,15.6,4000.0,32.0,956.49
dell,14.0,256.0,16.0,1014.99
dell,15.6,2000.0,16.0,635.67
dell,15.6,256.0,8.0,1077.99
dell,15.6,256.0,16.0,586.96
dell,15.6,512.0,16.0,2810.99
dell,14.0,256.0,16.0,1056.99
dell,15.6,4000.0,64.0,1037.99
hp,15.6,2000.0,48.0,839.0
hp,15.6,2000.0,48.0,1239.0
dell,15.6,2000.0,32.0,1865.99
dell,15.6,256.0,16.0,1660.99
dell,15.6,1000.0,64.0,2216.99
dell,15.6,256.0,8.0,2007.99
dell,16.0,1000.0,16.0,1043.99
dell,15.6,128.0,8.0,558.99
dell,14.0,256.0,16.0,788.28
dell,15.6,1000.0,16.0,809.99
dell,15.6,1000.0,16.0,953.82
dell,15.6,500.0,32.0,645.99
dell,14.0,512.0,16.0,801.99
dell,15.6,2000.0,8.0,693.99
dell,15.6,512.0,8.0,599.99
dell,15.6,512.0,16.0,1667.99
dell,14.0,512.0,8.0,807.99
msi,15.6,2000.0,64.0,1029.99
dell,15.6,256.0,32.0,2102.99
dell,15.6,128.0,16.0,1690.99
dell,15.6,256.0,16.0,713.99
dell,15.6,2000.0,32.0,877.99
dell,15.6,1000.0,8.0,931.3
dell,15.6,512.0,12.0,732.99
dell,15.6,128.0,8.0,691.99
dell,15.6,1000.0,16.0,1626.99
dell,13.3,256.0,8.0,739.99
dell,16.0,4000.0,40.0,1512.99
dell,15.6,256.0,8.0,2337.99
lenovo,15.6,2000.0,16.0,1279.0
msi,17.3,1000.0,16.0,1999.0
dell,15.6,256.0,16.0,439.99
dell,14.0,1000.0,16.0,1528.99
dell,15.6,500.0,8.0,604.99
lenovo,16.0,1000.0,16.0,1309.0
acer,15.6,512.0,8.0,709.0
dell,14.0,1000.0,64.0,1158.77
dell,15.6,256.0,4.0,844.58
dell,15.6,1000.0,16.0,1366.99
dell,13.3,256.0,16.0,899.99
dell,16.0,2000.0,64.0,2738.99
dell,15.6,256.0,16.0,1683.99
dell,15.6,2000.0,64.0,2675.99
dell,14.0,256.0,16.0,764.99
dell,15.6,1000.0,32.0,992.1
dell,15.6,1000.0,16.0,1764.99
hp,15.6,512.0,16.0,899.0
dell,15.6,512.0,16.0,2604.99
dell,17.3,2000.0,64.0,2921.99
dell,15.6,1000.0,64.0,3178.99
dell,16.0,2000.0,40.0,1365.99
dell,16.0,1000.0,16.0,1084.99
dell,17.0,512.0,64.0,3331.99
dell,18.0,1000.0,64.0,3002.99
dell,14.0,256.0,8.0,813.99
dell,13.3,512.0,16.0,807.99
dell,15.6,1000.0,16.0,1757.99
dell,14.0,256.0,16.0,1046.99
dell,14.0,512.0,16.0,2401.99
dell,18.0,1000.0,32.0,2790.04
msi,15.6,2000.0,48.0,1689.0
dell,15.6,512.0,16.0,2268.99
dell,16.0,1000.0,16.0,1207.99
dell,14.0,256.0,16.0,1212.99
dell,13.3,512.0,16.0,1311.99
dell,14.0,2000.0,16.0,880.99
dell,14.0,128.0,4.0,764.99
dell,15.6,512.0,16.0,921.16
dell,15.6,512.0,16.0,802.99
dell,14.0,512.0,16.0,801.99
dell,14.0,1000.0,32.0,1267.99
dell,15.6,256.0,16.0,1783.99
dell,13.3,512.0,16.0,844.58
dell,18.0,4000.0,64.0,4143.99
asus,15.6,1000.0,16.0,1179.0
dell,16.0,1000.0,16.0,2806.99
dell,15.6,1000.0,64.0,809.99
dell,15.6,128.0,16.0,633.99
dell,16.0,512.0,16.0,1043.99
lenovo,16.0,1000.0,16.0,1839.0
dell,14.0,256.0,16.0,764.99
dell,14.0,256.0,8.0,1733.99
dell,15.6,512.0,16.0,2385.99
dell,14.0,512.0,32.0,1708.99
asus,17.3,1000.0,16.0,1049.0
lenovo,15.6,1000.0,12.0,589.0
dell,13.4,512.0,32.0,1720.95
dell,15.6,2000.0,24.0,1269.0
dell,17.0,32.0,128.0,4618.0
dell,14.0,4000.0,32.0,2620.99
dell,15.6,256.0,16.0,1576.99
dell,15.6,256.0,16.0,1929.99
dell,14.0,512.0,8.0,1204.99
dell,17.0,1000.0,32.0,3212.99
dell,17.0,1000.0,64.0,3378.36
dell,17.3,256.0,32.0,2792.78
dell,14.0,256.0,16.0,1008.94
dell,17.3,1000.0,32.0,2580.73
dell,15.6,2000.0,16.0,1816.99
dell,15.6,512.0,32.0,640.99
dell,14.0,512.0,16.0,1023.99
dell,13.3,256.0,8.0,730.99
dell,14.0,1000.0,32.0,1493.99
dell,15.6,512.0,32.0,1667.99
dell,15.6,4000.0,16.0,3496.99
dell,15.6,1000.0,64.0,2616.99
dell,15.6,256.0,32.0,672.99
dell,16.0,4000.0,64.0,2699.0
dell,14.0,256.0,16.0,1431.99
acer,15.6,2000.0,64.0,1819.0
dell,16.0,1000.0,32.0,3514.99
dell,14.0,256.0,16.0,2316.99
dell,15.6,1000.0,8.0,2142.99
dell,15.6,2000.0,32.0,2409.99
asus,15.6,1000.0,32.0,1279.0
dell,17.3,1000.0,32.0,2357.99
dell,16.0,1000.0,16.0,1249.99
dell,18.0,1000.0,32.0,2517.99
dell,15.6,2000.0,64.0,2636.99
dell,14.0,512.0,16.0,1023.99
dell,15.6,1000.0,32.0,1143.99
dell,14.0,512.0,16.0,807.99
dell,14.0,512.0,32.0,1139.99
dell,14.0,512.0,16.0,740.99
dell,17.3,2000.0,64.0,3533.99
dell,14.0,512.0,32.0,1314.99
dell,15.6,512.0,16.0,1334.99
dell,18.0,4000.0,64.0,3829.99
dell,18.0,1000.0,32.0,2595.99
dell,13.0,512.0,16.0,1284.99
dell,18.0,1000.0,32.0,2720.99
dell,13.3,1000.0,32.0,1724.99
dell,14.0,256.0,16.0,1357.99
dell,16.0,1000.0,16.0,1084.99
dell,16.0,2000.0,48.0,2219.99
dell,16.0,1000.0,16.0,1084.99
dell,14.0,256.0,32.0,954.94
hp,15.6,2000.0,24.0,989.0
dell,14.0,512.0,64.0,1313.99
dell,14.0,128.0,4.0,960.99
dell,14.0,256.0,16.0,1309.99
dell,14.0,512.0,16.0,1422.99
dell,15.6,512.0,32.0,1091.99
dell,13.0,512.0,8.0,1253.99
dell,15.6,2000.0,48.0,1819.0
dell,13.3,256.0,16.0,1076.22
dell,15.6,512.0,32.0,1781.99
dell,13.3,256.0,16.0,1341.99
dell,15.6,1000.0,32.0,1883.99
dell,17.3,512.0,8.0,1282.99
dell,18.0,2000.0,32.0,2686.99
acer,15.6,1000.0,32.0,1559.0
dell,14.0,1000.0,32.0,1395.99
dell,14.0,512.0,16.0,1229.99
dell,15.6,2000.0,16.0,1768.99
dell,15.6,512.0,32.0,2548.99
dell,13.4,1000.0,32.0,1355.84
dell,18.0,1000.0,32.0,2477.99
dell,13.4,1000.0,16.0,1502.99
dell,14.0,256.0,16.0,1455.99
dell,16.0,1000.0,16.0,2280.99
dell,13.3,1000.0,32.0,1614.99
dell,18.0,2000.0,64.0,2659.99
asus,15.6,1000.0,12.0,1159.0
hp,15.6,512.0,24.0,989.0
acer,17.3,512.0,8.0,679.0
hp,17.3,512.0,16.0,1299.0
hp,15.6,4000.0,64.0,1599.0
acer,15.6,2000.0,40.0,1139.0
hp,15.6,2000.0,32.0,1419.0
hp,15.6,2000.0,32.0,1599.0
hp,15.6,1000.0,32.0,1239.0
hp,15.6,1000.0,48.0,1379.0
hp,15.6,1000.0,32.0,1059.0
hp,14.0,256.0,16.0,322.75
lenovo,15.6,512.0,16.0,1594.95
dell,15.6,2000.0,64.0,2155.99
dell,15.6,1000.0,32.0,1000.99
dell,15.6,512.0,16.0,2219.99
dell,15.6,2000.0,32.0,734.99
dell,15.6,1000.0,8.0,2142.99
dell,15.6,256.0,32.0,2085.99
dell,13.4,512.0,32.0,1730.99
dell,15.6,1000.0,24.0,1599.0
dell,15.6,512.0,32.0,1382.99
hp,15.6,1000.0,32.0,1349.0
dell,13.4,1000.0,32.0,1725.99
dell,17.0,1000.0,64.0,3049.0
lg,17.0,4000.0,16.0,1669.0
acer,15.6,1000.0,32.0,1199.0
lg,16.0,2000.0,16.0,1709.0
samsung,13.3,256.0,16.0,1449.99
lenovo,15.6,2000.0,16.0,2169.99
acer,17.3,512.0,12.0,799.0
hp,17.3,1000.0,32.0,1389.0
lg,14.0,512.0,8.0,1067.47
hp,16.1,2000.0,48.0,1829.0
lenovo,14.0,1000.0,24.0,899.0
hp,17.3,2000.0,12.0,1529.0
lg,16.0,2000.0,16.0,1529.0
hp,14.0,512.0,32.0,1260.75
dell,14.0,1000.0,16.0,1299.0
dell,13.4,1000.0,16.0,1493.99
hp,14.0,1000.0,24.0,669.0
dell,15.6,512.0,16.0,1462.99
hp,15.6,512.0,16.0,909.99
dell,15.6,256.0,4.0,1563.99
dell,14.0,2000.0,64.0,1001.11
dell,15.6,1000.0,16.0,1681.99
dell,16.0,4000.0,64.0,1227.99
dell,15.6,256.0,32.0,1028.99
msi,17.3,1000.0,32.0,1844.1
msi,15.6,512.0,16.0,1199.0
lenovo,16.0,512.0,16.0,1643.63
hp,16.1,2000.0,24.0,1409.0
msi,15.6,512.0,32.0,1399.0
dell,15.6,1000.0,16.0,1071.99
dell,16.0,512.0,16.0,2939.99
acer,15.6,512.0,4.0,434.96
dell,15.6,512.0,16.0,1068.99
hp,14.0,512.0,8.0,729.0
dell,16.0,4000.0,64.0,2069.0
dell,16.0,512.0,16.0,708.99
dell,15.6,128.0,12.0,556.99
dell,13.3,256.0,16.0,1197.99
dell,14.0,1000.0,16.0,834.99
dell,15.0,512.0,16.0,1046.99
dell,15.0,128.0,8.0,1021.99
dell,14.0,1000.0,32.0,1327.99
dell,16.0,4000.0,64.0,4881.99
lenovo,15.6,2000.0,12.0,1229.0
dell,14.0,256.0,8.0,1161.99
dell,15.6,512.0,32.0,1513.99
dell,15.6,1000.0,16.0,2368.99
dell,17.0,2000.0,64.0,3179.99
dell,18.0,1000.0,32.0,2408.99
acer,15.6,2000.0,8.0,1039.0
lg,17.0,3000.0,16.0,1729.0
dell,13.4,512.0,32.0,1537.99
dell,15.6,2000.0,32.0,802.99
dell,16.0,1000.0,32.0,1680.99
dell,13.4,512.0,32.0,1495.99
acer,15.6,512.0,16.0,696.34
dell,15.6,256.0,8.0,607.99
dell,16.0,1000.0,64.0,2032.65
dell,15.6,256.0,8.0,637.99
dell,14.0,256.0,16.0,1444.99
dell,13.4,2000.0,32.0,1889.99
dell,15.6,512.0,16.0,1565.99
dell,16.0,256.0,8.0,415.99
lenovo,15.6,1000.0,48.0,1899.0
lenovo,14.0,2000.0,8.0,999.0
hp,17.3,2000.0,64.0,3769.0
dell,15.6,1000.0,16.0,1693.99
dell,15.6,2000.0,16.0,1714.99
dell,15.6,1000.0,32.0,1079.99
dell,12.0,512.0,32.0,2696.99
hp,15.6,2000.0,8.0,1209.0
dell,16.0,256.0,16.0,1927.99
dell,12.0,512.0,32.0,2691.99
hp,14.0,64.0,4.0,299.0
lenovo,15.6,1000.0,8.0,819.0
acer,15.6,2000.0,24.0,1629.0
lenovo,15.6,512.0,16.0,959.0
dell,13.4,1000.0,16.0,1517.99
dell,15.6,512.0,16.0,2425.07
dell,15.6,1000.0,16.0,1655.99
dell,16.0,1000.0,32.0,2324.99
dell,15.6,512.0,4.0,597.99
dell,13.3,256.0,16.0,900.89
dell,15.6,1000.0,32.0,951.99
dell,16.0,1000.0,16.0,2310.99
dell,16.0,512.0,32.0,3319.99
dell,16.0,1000.0,64.0,2100.22
dell,15.6,2000.0,32.0,2648.99
dell,14.0,1000.0,16.0,1528.99
dell,17.0,512.0,32.0,2785.99
dell,14.0,2000.0,32.0,1058.99
dell,15.6,512.0,8.0,591.99
dell,14.0,512.0,8.0,1771.99
dell,14.0,256.0,16.0,938.99
